Ward,x,y,fill_ratio,distance_from_0,fill_p_m,fill_ratio_0,distance_from_0_0.531354631568148,fill_per_m_0,fill_ratio_1,distance_from_34,fill_per_m_1,fill_ratio_2,distance_from_242,fill_per_m_2,fill_ratio_3,distance_from_53,fill_per_m_3,fill_ratio_4,distance_from_179,fill_per_m_4,fill_ratio_5,distance_from_248,fill_per_m_5
1,76.714146,30.697422,0.9699098521619943,0.6586063442537702,147.267007162062,0.9699098521619943,1.0,0.9699098521619943,0.9728282318900527,0.33418498461813495,2.911047104649779,0.9728282318900527,0.24876162950934458,3.9106844323573986,0.9751841097657187,0.26214720407600806,3.719986689169379,0.9760961791538093,0.33048290862501767,2.95354511134897,0.0,0.23181550700563877,0.0
1,76.708514,30.719551,0.9148643902204485,0.7271804079710359,125.80982383354973,0.9148643902204485,1.0,0.9148643902204485,0.9172563874676027,0.37266489910745004,2.4613436619989564,0.9213060664231398,0.4581419039716111,2.010962233396203,0.9234845332519243,0.2011711766412327,4.590540994343639,0.9308745665975516,0.6041746780276198,1.540737472872037,0.9361358522095562,0.32881323915346056,2.84701386908771
1,76.733428,30.670581,0.9132405525564713,0.5077954061558688,179.84419344592303,0.9132405525564713,0.960961072479645,0.9503408397178498,0.9132405525564713,0.7655529044776397,1.1929163186698422,0.9218095056196153,0.41070251501675753,2.244470077282102,0.9218095056196153,0.6795465728370764,1.356506739149757,0.924247611379787,0.0835182382813588,11.066416514512115,0.9277440194970682,0.3472932700788206,2.671356169057092
1,76.705889,30.715948,0.8971102599525771,0.7375268595649487,121.63763913381585,0.8971102599525771,1.0,0.8971102599525771,0.9034907881308504,0.30840251170710936,2.929583105953747,0.9034907881308504,0.39754948914431676,2.272649853168014,0.9105660041312813,0.1414830779054917,6.435865105645525,0.9162971699293383,0.539438324819072,1.6986134054095343,0.924598899911357,0.30681939123031077,3.0134956470770016
1,76.707739,30.67142,0.8985541885270792,0.6795052934192839,132.2365251940183,0.8985541885270792,1.0,0.8985541885270792,0.8985541885270792,0.31690359471225693,2.8354181003940684,0.9057119531201793,0.12830213199142293,7.059212026038091,0.914314448910473,0.4235320448490712,2.158784583197939,0.918080429035553,0.30460836479939934,3.0139698548336233,0.9201012117103138,0.34475016063938085,2.668892771518583
1,76.733171,30.68394,0.8960912999234932,0.5289543657217988,169.40805445488817,0.8960912999234932,1.0,0.8960912999234932,0.8980460424398713,0.676231902876063,1.3280148993568874,0.9038364688330953,0.32566939649975424,2.7753190153799956,0.9098271354805401,0.5903209949824245,1.5412413639593288,0.9154141375520292,0.27861919292160153,3.2855386879596997,0.9188102118495377,0.29313399059552403,3.1344376337350193
1,76.70779,30.689305,0.8948273504276488,0.7031515222873066,127.25953397879779,0.8948273504276488,1.0,0.8948273504276488,0.8985436494330282,0.231334900822583,3.8841681313021836,0.8985436494330282,0.08897013165514307,10.099385408530935,0.9058061482891658,0.2827759909020505,3.2032639878642453,0.9072381289363619,0.27895261949779876,3.2523018804041772,0.9072381289363619,0.2867458783637645,3.1639099195192055
1,76.68913,30.720583,0.8661761457749352,0.8442292408677479,102.59963808936882,0.8661761457749352,1.0,0.8661761457749352,0.8661761457749352,0.2903954999244564,2.9827464475181693,0.8755092925926998,0.36510814360261734,2.397945123748326,0.8784664862486654,0.1414060411654638,6.212368856439049,0.8879553561443617,0.4288669618679033,2.070468082402355,0.8941747856897817,0.4353579024441268,2.0538843573754555
1,76.724498,30.659777,0.8511366715168569,0.5884673122773968,144.6361851812834,0.8511366715168569,1.0,0.8511366715168569,0.8591171804650273,0.7617630385487528,1.1278010837881363,0.8591171804650273,0.4431272509003601,1.938759529501843,0.871153998557283,0.6845404828598106,1.2726113653904814,0.8801092495673078,0.2038315326130452,4.3178267772637104,0.8874943453560391,0.4458616780045351,1.9905149716567747
1,76.698487,30.722642,0.877339353380981,0.8556108282067131,102.53953368259833,0.877339353380981,1.0,0.877339353380981,0.878292851464463,0.3188709104044586,2.7543837421558113,0.878292851464463,0.39581780443333375,2.2189321491534644,0.878292851464463,0.17322798527573594,5.070155668360623,0.8790007464343605,0.5180269027441717,1.69682451196643,0.8833008731883326,0.4087072692453242,2.1612066622141146
1,76.734448,30.696438,0.8607305832563434,0.523082055357686,164.54982051865107,0.8607305832563434,1.0,0.8607305832563434,0.8607305832563434,0.6851928271308524,1.256187381383618,0.8736045951533579,0.3787515006002401,2.3065376474255057,0.8736045951533579,0.5983174519807923,1.4601021452093679,0.8736045951533579,0.4663209033613446,1.8733978872836754,0.8806097636164039,0.11496473589435774,7.659825047792091
1,76.708249,30.663889,0.835302495589238,0.7452683012980896,112.08077602848921,0.835302495589238,1.0,0.835302495589238,0.8487054964740021,0.3891346419684822,2.181007304260366,0.8487054964740021,0.2002448753900233,4.238338158821549,0.8524459667398049,0.4863541214107982,1.7527269312883806,0.8524459667398049,0.2844306647181958,2.9970255407741613,0.8636746923313935,0.38804191845386204,2.2257252406458345
1,76.697373,30.717857,0.8287375091519293,0.8021173677135766,103.31873395463722,0.8287375091519293,1.0,0.8287375091519293,0.8315225273605589,0.30014311751538203,2.770420105728209,0.8460460040751672,0.36877836356741817,2.294185580441455,0.8460460040751672,0.14478721972819905,5.843374889464705,0.8482359899478851,0.4358784602023216,1.9460378692586908,0.8595535448777475,0.376325671857225,2.2840683194311957
1,76.748676,30.682277,0.8101133946791808,0.42779560239013337,189.36926657333612,0.8101133946791808,0.7154366821183903,1.1323341602788035,0.8101133946791808,0.7928128974032901,1.0218216647743184,0.8214357609871822,0.47923042211921074,1.7140726528893993,0.8320237427430303,0.7168150305615949,1.1607230697871584,0.8436504099026045,0.3077655166755548,2.741211617908375,0.8586298494925896,0.2594248677031628,3.3097438078875485
1,76.698059,30.669402,0.7982951789667752,0.7646611524838353,104.39855305499529,0.7982951789667752,1.0,0.7982951789667752,0.8106680591983041,0.31353012504250416,2.5856145692169283,0.8263620767464547,0.12307287623422533,6.714412647460755,0.8353012583655783,0.4082775699795338,2.0459151317263164,0.840296161882916,0.3941886351825595,2.1317107772367714,0.8455173852760173,0.2720075448940443,3.108433575272236
1,76.71782,30.664171,0.8074401551640625,0.7499681119320245,107.66326491988863,0.8074401551640625,1.0,0.8074401551640625,0.8074401551640625,0.392962740070124,2.0547499109456924,0.8208478810284725,0.22138128630488252,3.7078467413818115,0.8278541896266529,0.48956643466429434,1.6909945842065937,0.8366236781338989,0.18325134753257627,4.565443525511722,0.8416165274012556,0.4080014652781412,2.0627781981800286
1,76.739442,30.680772,0.770967179954561,0.48486052649653155,159.00803175819595,0.770967179954561,0.8345760536382291,0.9237830112589821,0.7895315114691797,0.7867559511243594,1.003527854274065,0.8047855681632817,0.4192513278670528,1.919577863372884,0.8198848798404698,0.7085279042077975,1.1571666761059751,0.8198848798404698,0.24042626854580615,3.4101302024918496,0.8358466057888033,0.28527397549462524,2.929978468381359
1,76.6847,30.693087,0.7712703466859457,0.8426838960350866,91.52546409333928,0.7712703466859457,1.0,0.7712703466859457,0.7718734375795154,0.06315385018425695,12.222112117115683,0.7899119333216114,0.20296208323873066,3.8919187304186815,0.810286716160068,0.18715033387475186,4.329603369568888,0.8202853928439164,0.4260265120421957,1.9254327363614203,0.8283475811747203,0.4325351776493122,1.915098757230613
1,76.691224,30.694111,0.8083973481164611,0.8018230163168791,100.81992305855483,0.8083973481164611,1.0,0.8083973481164611,0.8083973481164611,0.09630327577978733,8.394287126483523,0.8107074416208878,0.1488907379988008,5.444982357649524,0.8231389779621264,0.1671602158563894,4.924251705138388,0.8231389779621264,0.3767513858127042,2.184833311724928,0.8231389779621264,0.3835856144687412,2.145906798674289
1,76.717864,30.65906,0.795792669436101,0.6315652626105045,126.00323617337358,0.795792669436101,1.0,0.795792669436101,0.8148396688087648,0.5132246362739539,1.5876861927840347,0.8148396688087648,0.2826304791940157,2.8830566014410874,0.8148396688087648,0.627939131718154,1.297641168785289,0.8205102709941012,0.2581619891717222,3.178276839385215,0.8205102709941012,0.44989396987657004,1.823785882747464
1,76.704309,30.698164,0.7722447692966574,0.7206065601114611,107.16593659336228,0.7722447692966574,1.0,0.7722447692966574,0.7722447692966574,0.24424898050882649,3.161711331150267,0.779425671659772,0.30803270541300454,2.53033414297593,0.7846323389004766,0.18118009081811187,4.330676374857187,0.787447417712474,0.38272277328831,2.057487750067278,0.7957693975304364,0.39033406632309187,2.038688052586609
1,76.712171,30.668876,0.7616196153287176,0.6919857926392528,110.0628977401226,0.7616196153287176,1.0,0.7616196153287176,0.7616196153287176,0.3420983601908502,2.226317644153057,0.7765396380364669,0.15930891225284113,4.874426841883216,0.7803330543281701,0.44680368372172163,1.7464785604009867,0.7803330543281701,0.24997695901540556,3.121619918098451,0.7956134856876554,0.3615662197897245,2.2004640979745265
1,76.703663,30.693716,0.7259556788702394,0.7357460336149295,98.66932959236118,0.7259556788702394,1.0,0.7259556788702394,0.7259556788702394,0.20273649256866236,3.580784444242934,0.7498002443916343,0.14918018576677136,5.026138294021658,0.756023069413408,0.21871936948650758,3.4565894698230912,0.7747923340769939,0.37810139158381845,2.0491655183586808,0.7926782668029131,0.314183219646203,2.5229809144343744
1,76.708931,30.698582,0.7121792213475359,0.6879139316516056,103.52737291388648,0.7121792213475359,1.0,0.7121792213475359,0.7241185885638413,0.2622323014056182,2.7613630536071225,0.7482499817684098,0.2422855023783545,3.0882986163981787,0.7660430994920682,0.19616610684409833,3.905073673613127,0.7757319508230466,0.3943860850217154,1.9669353972778572,0.7896273600233426,0.2645429066558268,2.9848744387263286
1,76.673781,30.709807,0.7290071680409873,0.9408255575506038,77.48590184336872,0.7290071680409873,1.0,0.7290071680409873,0.7552911529831473,0.18889224929083934,3.998529086390505,0.7609918774300086,0.28069727181712,2.7110768569414896,0.7690465270799052,0.1629035958618388,4.720868947129602,0.773541401581249,0.4617209661271484,1.6753438945378791,0.7868617476772354,0.46754546971466715,1.6829630456208677
1,76.680626,30.706793,0.7019668772577033,0.888534031927315,79.00281272683166,0.7019668772577033,1.0,0.7019668772577033,0.7036470537890057,0.14115185211769188,4.985035925722799,0.733221125167106,0.24974464020495038,2.935883326927039,0.7528667752674948,0.11363924976672536,6.625059359446258,0.7631513232230438,0.48504005697974234,1.5733779349587136,0.7783647183101153,0.37631475786370133,2.0683874390917025
1,76.690413,30.677268,0.7407686177542044,0.7937774114738175,93.32195739594164,0.7407686177542044,1.0,0.7407686177542044,0.7561703504117462,0.23965093138527335,3.1552990261326945,0.7561703504117462,0.13602427658496186,5.559083785602316,0.7561703504117462,0.3309229799384432,2.2850342715770466,0.7561703504117462,0.4164101803438771,1.8159266658353324,0.7703120747772931,0.2987107699533998,2.5787890905221302
1,76.683915,30.710755,0.6918951976926933,0.872359422678794,79.31308812691665,0.6918951976926933,1.0,0.6918951976926933,0.6918951976926933,0.18635136655044426,3.7128528247492145,0.7155326373020539,0.28536722528399505,2.5074100103470602,0.7290343366500105,0.042689236306377235,17.07770856845012,0.749635580276064,0.4675458328646946,1.6033413787114317,0.7636725141961512,0.420368912383309,1.816672193636918
1,76.709301,30.675397,0.713244787222995,0.6761545933535456,105.4854606082748,0.713244787222995,1.0,0.713244787222995,0.713244787222995,0.3102172304209656,2.299178502287316,0.7401730429929028,0.08578932857370888,8.62779853040763,0.7445282420833136,0.4173740803621958,1.7838391915406306,0.7450185505531546,0.23356986345101793,3.1897032414431874,0.7622672280669841,0.30387590149899146,2.5084819964557603
1,76.717915,30.684941,0.6496328990472147,0.645193732277593,100.68803625136762,0.6496328990472147,1.0,0.6496328990472147,0.6496328990472147,0.48232521005208534,1.3468773464631096,0.680243670813841,0.19203893092042731,3.5422175470019917,0.680243670813841,0.41189217959928526,1.6515090708340834,0.697360551074785,0.35629395886400794,1.9572617882666854,0.7223298009580817,0.21665969661255371,3.3339371016004113
1,76.724151,30.674408,0.6228904758190003,0.5758249197892444,108.17358791053748,0.6228904758190003,1.0,0.6228904758190003,0.6518897236429901,0.617678381256656,1.0553869836220133,0.6685946871230887,0.2920468583599574,2.289340453370067,0.6685946871230887,0.5387603833865815,1.2409871025044283,0.7009356618305219,0.19712886048988287,3.5557231959269386,0.7009356618305219,0.2948413205537806,2.3773318492604822
1,76.664354,30.708365,0.6232981268275579,1.0,62.329812682755794,0.6232981268275579,1.0,0.6232981268275579,0.6232981268275579,0.23360708013226192,2.668147414344906,0.6390354797667237,0.32326160970967144,1.9768369041429197,0.6703769923870038,0.21243830885310885,3.155631373673465,0.6707765210062757,0.49357332783877395,1.3590210069564077,0.6733134604804631,0.4990531696739568,1.3491818134736118
1,76.729384,30.700394,0.6064290596595899,0.5739361649937695,105.66141265312548,0.6064290596595899,1.0,0.6064290596595899,0.6064290596595899,0.5565518420377811,1.0896182778574346,0.6354581556610683,0.3446704846568083,1.8436686166899383,0.6395380941083643,0.4773741345414138,1.339699928909496,0.6395380941083643,0.556671510385503,1.1488608311667952,0.6650472959583528,0.19952132660911187,3.3332140842330436
1,76.722183,30.687605,0.6334037565104235,0.603454704225905,104.96293293842763,0.6334037565104235,1.0,0.6334037565104235,0.6334037565104235,0.47258286113798403,1.3403020054201313,0.6334037565104235,0.1622184103343712,3.9046354554013063,0.6354965392099208,0.39727820367946537,1.5996259883480954,0.6394964616291106,0.25140845642930887,2.5436553356705582,0.6581441941428077,0.16195013291926474,4.063869428689541
1,76.679274,30.692858,0.5612771975694962,0.8667716519981553,64.7549093553755,0.5612771975694962,1.0,0.5612771975694962,0.603133591603561,0.015932669613597388,37.8551495908024,0.6075179380534848,0.19913856045641581,3.0507297866424437,0.6442780313877617,0.1837605628222616,3.5060734550041928,0.6442780313877617,0.41599832466422537,1.548751504967702,0.6561676226589824,0.42232611316440366,1.5536989122989624
1,76.721516,30.695976,0.570061170089365,0.6184077551781316,92.18208622321684,0.570061170089365,1.0,0.570061170089365,0.570061170089365,0.4863194637261513,1.1721948484676916,0.5801048744038103,0.31471976518186506,1.8432425877942202,0.6193178311814127,0.41283566697076673,1.5001558264714254,0.6366151660996422,0.4864305263575423,1.3087483856465647,0.6419733672921774,0.1038832255761374,6.179759665064179
1,76.704678,30.658433,0.4951769101112702,0.7986391153759358,62.002586722562455,0.4951769101112702,1.0,0.4951769101112702,0.4951769101112702,0.42995706203583695,1.1516892123288283,0.5452133909559937,0.29214401110612864,1.8662487342858154,0.5846851527651955,0.573120465867697,1.0201784573858999,0.6044548924331742,0.37070390004484227,1.6305598413182494,0.6335536869986428,0.4673849612698335,1.3555286102431434
1,76.716966,30.691124,0.46559801813246016,0.6556824537132429,71.00968090509336,0.46559801813246016,1.0,0.46559801813246016,0.5059527027338598,0.4077199913208084,1.2409318000199763,0.5493853051166869,0.17075561341683315,3.2173777138182698,0.5922753428441704,0.3384136532662941,1.750152031774307,0.6121821378643281,0.4078247401854055,1.5010912226316078,0.6290141841358312,0.15483378599806966,4.062512455412498
1,76.70228,30.670065,0.5683086033354716,0.7352014835310394,77.29970845624365,0.5683086033354716,1.0,0.5683086033354716,0.5877582060385743,0.31701165071866116,1.8540586906069045,0.5995993977600893,0.13639882024796143,4.395928034201972,0.6044886860709971,0.4155556445262975,1.4546516069107165,0.6044886860709971,0.3572887056091604,1.6918773993719518,0.6132141383995225,0.33686992032670054,1.8203291579278436
1,76.726063,30.663494,0.5026790232288615,0.5814077846132714,86.45894267879866,0.5026790232288615,1.0,0.5026790232288615,0.5026790232288615,0.7561364576038073,0.6647993469615905,0.5026790232288615,0.4323745074380026,1.1626009734187202,0.5361702307819127,0.6779678178765199,0.7908490884733511,0.5751723578446302,0.2579632614143596,2.2296677235784594,0.6085490102910878,0.5397720081341287,1.1274186158609925
1,76.69422,30.726219,0.5247564316322378,0.8722318704068919,60.16249227254693,0.5247564316322378,1.0,0.5247564316322378,0.5494837204749123,0.3930447596656805,1.3980181823115951,0.5667982615949855,0.46344646051047833,1.223006991941781,0.5732245148487196,0.2491816371756077,2.300428399724923,0.5900597953654595,0.5251527048156855,1.123596603339508,0.6073284466823868,0.3710248939784245,1.6368940643581282
1,76.719086,30.677919,0.5393422419156507,0.6371873742874243,84.64421356728934,0.5393422419156507,1.0,0.5393422419156507,0.5678167988614465,0.4480878944896561,1.267199595981396,0.5685892802944493,0.18298776591239807,3.107252976500356,0.590471933682046,0.4431757812800752,1.3323650763959134,0.6037683241339735,0.14817181617301725,4.074785203610958,0.6037683241339735,0.2693501074043563,2.2415744695716002
1,76.714549,30.716228,0.512093058299281,0.7201944681560847,71.10483083970276,0.512093058299281,1.0,0.512093058299281,0.5374721966004701,0.36619142660572335,1.4677356091658693,0.5374721966004701,0.4525316240131333,1.1877008546586607,0.5683165226213158,0.22869423649380466,2.485049607433861,0.6022043897656535,0.5272644292010381,1.1421297482141393,0.6022043897656535,0.3405924947037867,1.7681082206153445
1,76.710537,30.716773,0.5357746840747585,0.7235893209313279,74.04402864668674,0.5357746840747585,1.0,0.5357746840747585,0.5410463149862167,0.3386352079731516,1.5977261142589552,0.5510631575966423,0.42457032441777687,1.2979314047733503,0.5510631575966423,0.1952066171734635,2.822973757631174,0.5707087740705695,0.4989525068646395,1.1438138223953183,0.5952587489095862,0.31315637818231123,1.9008354623485986
1,76.688734,30.687228,0.489452760277563,0.8223393086666864,59.519562681631434,0.489452760277563,1.0,0.489452760277563,0.49629487077418766,0.15851548704242827,3.1308920032611662,0.5271927170812841,0.14797403713072113,3.5627379458165285,0.5605105367567443,0.24662339521786855,2.2727387085948845,0.5743723374882959,0.3721304825084713,1.543470273159417,0.5918190234936508,0.37879420608027486,1.5623761240113352
1,76.686186,30.684043,0.5552008115994623,0.8631069771092732,64.3258398233492,0.5552008115994623,1.0,0.5552008115994623,0.5653708250316185,0.19826753214273532,2.8515552643516076,0.5653708250316185,0.15383041367785646,3.675286385276115,0.5653708250316185,0.2822081007650596,2.003382693476592,0.5653708250316185,0.46987506678640856,1.203236487729236,0.5799096615759701,0.3712244364363909,1.562153793384066
1,76.700611,30.666119,0.45606998421703593,0.748672965786556,60.91711669298606,0.45606998421703593,1.0,0.45606998421703593,0.4943669961545036,0.3529500419375131,1.4006713058898776,0.5420346260321574,0.18344385615433006,2.9547712166285214,0.5656471388366204,0.48317257286642906,1.1706938071441217,0.5656471388366204,0.2672468022646257,2.1165721499504455,0.57365991767315,0.370386873558398,1.5488127647771581
1,76.710479,30.655046,0.49724850589238545,0.7895240337915403,62.98079407468361,0.49724850589238545,1.0,0.49724850589238545,0.5254497462214964,0.42337589710131424,1.2410950878853546,0.5296927476052837,0.2536054929008606,2.0886485601964115,0.5311024272750262,0.5151396526547986,1.0309872760482768,0.5733858282038199,0.3330723584055675,1.7215052937705306,0.5733858282038199,0.4308696057414484,1.3307641582588008
1,76.700787,30.725808,0.3567533266935893,0.8689155113374346,41.05730902932952,0.3567533266935893,1.0,0.3567533266935893,0.41491303393100637,0.358659198952111,1.1568448129679967,0.450470921679423,0.4122901116769611,1.0926066595368105,0.450470921679423,0.21305005702413082,2.114390054485651,0.47895894992877713,0.47423186802018996,1.0099678706290272,0.5279722000942874,0.3195101570704277,1.6524426169585265
1,76.738767,30.665791,0.38509772860192526,0.5169840755894387,74.48928251085037,0.38509772860192526,0.8461958485566307,0.4550929069893127,0.40665543722533354,0.7972216645922834,0.5100908006975776,0.42034210508323233,0.4903119604930341,0.8572952302867679,0.47066465624930853,0.7228409684024572,0.6511316829336877,0.5180464019467322,0.25982253984823545,1.993847039788494,0.5192123327118016,0.31541333761593127,1.6461330920128363
1,76.717988,30.674171,0.33761517140362796,0.639468597611829,52.79620808034855,0.33761517140362796,1.0,0.33761517140362796,0.3947368351442224,0.43703010402921416,0.9032257309163202,0.44192221171856627,0.15866756682112498,2.7852082222750063,0.47945864197181487,0.445162181237917,1.077042619924553,0.5126276141793497,0.18591002547027957,2.757396288245362,0.5126276141793497,0.30666370024856543,1.6716279551960038
1,76.737485,30.676334,0.388677289689482,0.4799007054621808,80.99118948265689,0.388677289689482,0.9127826143754258,0.4258158334396362,0.39701398769595686,0.8034133004880143,0.49415909277927084,0.41030899769348295,0.4084016833226026,1.0046701922366312,0.4511525268926582,0.7169797236141049,0.6292402867664344,0.4848481165577874,0.21080722970261923,2.299959623025032,0.5115370417777217,0.3002267446742995,1.7038356870326856
1,76.681708,30.687691,0.30087830981676966,0.8569599387749094,35.10996211175268,0.30087830981676966,1.0,0.30087830981676966,0.3238620479602358,0.10151647860957975,3.190241154894375,0.37902362179397153,0.1955278479056108,1.9384636298812103,0.4329805688206475,0.223447312529697,1.9377300354109328,0.4747944964279378,0.4106285171255031,1.1562628425117958,0.49736030869770975,0.41702303055283635,1.1926447036710957
1,76.736482,30.670963,0.32518332202674705,0.4980965276346903,65.28520155941345,0.32518332202674705,0.9370045313177736,0.3470456237489262,0.32518332202674705,0.7669370691325894,0.4240026139231103,0.3721519541543421,0.5345755235010198,0.6961634751195864,0.3721519541543421,0.6814511291379421,0.546116864792823,0.4136759787283729,0.25119743071513606,1.6468161220864215,0.46073688403299184,0.3935694048377124,1.1706623491807648
1,76.68866,30.70407,0.3492095746126609,0.8419921702528479,41.47420688102055,0.3492095746126609,1.0,0.3492095746126609,0.38265951844215434,0.1593485987298258,2.4013987038000275,0.38265951844215434,0.261929732564237,1.4609243276660426,0.4133521292652914,0.05818330128765367,7.1043086266575175,0.4532575470940094,0.44834236438851016,1.0109630119656503,0.4532575470940094,0.3994639631766008,1.1346644225166982
1,76.681942,30.714258,0.3677831327192532,0.9031632963431746,40.72166508629983,0.3677831327192532,1.0,0.3677831327192532,0.3925814628595013,0.3050423956675484,1.2869734451186177,0.3960949342577442,0.37991515434630274,1.0425878771255679,0.3960949342577442,0.167062287138985,2.3709416472205898,0.39682617121102054,0.4395080907555174,0.902887067514215,0.44082819835195375,0.44557547841107226,0.9893457331268601
1,76.727591,30.703045,0.27864646423661144,0.5768306203946272,48.306461963822414,0.27864646423661144,1.0,0.27864646423661144,0.289604018742319,0.5225463514203096,0.5542168995251032,0.2988047067015399,0.3714577309066168,0.8044110590247976,0.3673237005724149,0.442855927878891,0.8294428897717452,0.4090994886926762,0.46476441571695865,0.8802297999978932,0.437638144038752,0.2282020751828542,1.917765838404758
1,76.71159,30.660789,0.31171107608941095,0.7403133861203505,42.10528702215538,0.31171107608941095,1.0,0.31171107608941095,0.3294857513022348,0.3850461220378519,0.8557046349627818,0.356054343262935,0.2039906165509198,1.7454447135025808,0.39848298694728285,0.5071038541059216,0.7858015349732472,0.4028189823950639,0.28873986110374805,1.395093080862589,0.43246670001154963,0.39304458463659014,1.1002993474936418
1,76.715344,30.712724,0.29359184426449336,0.6821201149932791,43.041077049514385,0.29359184426449336,1.0,0.29359184426449336,0.3105559266313999,0.3529365227772903,0.8799200609435557,0.3259868994368953,0.44406006818083743,0.734105412297828,0.37032653478153255,0.23492182218322522,1.5763820122793855,0.38128973763220225,0.5997396470131326,0.6357587655428975,0.0,0.25554149106025514,0.0
1,76.707991,30.713578,0.3410663510502585,0.7472797025088551,45.64105647526495,0.3410663510502585,1.0,0.3410663510502585,0.36719588930222224,0.2855229642078727,1.286046781984542,0.36719588930222224,0.368615582573987,0.996148580421231,0.41000593444841354,0.15268769202489432,2.6852585759274286,0.41500861307573145,0.5108059137102492,0.8124585129825689,0.41500861307573145,0.2805401643864395,1.4793197757739383
1,76.725084,30.684377,0.2865412521282844,0.5830708700046116,49.14346897934004,0.2865412521282844,1.0,0.2865412521282844,0.2957362886303271,0.5274543129270016,0.5606860753288717,0.30217937459504873,0.20586948473732036,1.467820133618225,0.30217937459504873,0.449517046410662,0.6722311801252336,0.35623491752149505,0.29820280685221956,1.1946061852396799,0.41457642299905983,0.12472655066805775,3.323882692005144
1,76.699239,30.704057,0.32320293202075523,0.7599122832837842,42.5316104411563,0.32320293202075523,1.0,0.32320293202075523,0.3859141108142703,0.17364863556252785,2.2223849301442358,0.3859141108142703,0.3441984777177387,1.121196448552398,0.3859141108142703,0.12023964002349918,3.2095414685111225,0.40760678134388045,0.415031730353327,0.9821099244553531,0.4123815603601943,0.42224288084493766,0.9766453836592575
1,76.720277,30.692391,0.3046137691733707,0.6434815883201366,47.33838150188428,0.3046137691733707,1.0,0.3046137691733707,0.37276388503487895,0.4442157266364759,0.8391505808616506,0.37276388503487895,0.20727170150801272,1.7984311525539758,0.37466987116182465,0.338258390131589,1.107643984872248,0.39653786773303445,0.2909138038821036,1.3630768373361077,0.4061273739026729,0.1604379183629904,2.531367759233891
1,76.718126,30.698031,0.2587799816000169,0.6616577870661997,39.11084954466434,0.2587799816000169,1.0,0.2587799816000169,0.30628290061352925,0.41045146844021324,0.7462097815789462,0.34741615778440815,0.25222620133312573,1.3773991597548625,0.3899145696179317,0.3410073329329507,1.1434198973504104,0.3899145696179317,0.3335705970890703,1.1689116877223336,0.39817232497196686,0.235358231198701,1.6917714028697395
1,76.738465,30.69128,0.18657005888603584,0.5176905189415124,36.038917472837504,0.18657005888603584,0.9853677212116684,0.18934054248967877,0.22751952698475772,0.7641840660366787,0.2977286979624585,0.26582495922380067,0.4040918089119635,0.6578330799120801,0.3251349919603617,0.6776883427333508,0.4797706725321262,0.3251349919603617,0.39456728793934187,0.8240292642058705,0.38630728388423224,0.14145781197475069,2.7309010261885405
1,76.69354,30.691212,0.23724908749680007,0.7847849763047126,30.23109446028464,0.23724908749680007,1.0,0.23724908749680007,0.2519159499528659,0.1405772368396377,1.7920109657599612,0.2519159499528659,0.14927267158011864,1.687622706060137,0.29264831091377225,0.18307297038801268,1.5985336901101288,0.3611545281830166,0.41696828760572363,0.8661438745301336,0.3778734772833617,0.3244566134688596,1.1646348436033
1,76.711345,30.704868,0.24398964337908358,0.6914608659818091,35.286110231653,0.24398964337908358,1.0,0.24398964337908358,0.294457699775517,0.2750982645835994,1.0703728001382375,0.294457699775517,0.3113390944049494,0.9457781083943307,0.3558930390034525,0.20937805968243156,1.6997628096432047,0.37296486395059325,0.46265945823223076,0.8061325826465315,0.376542395434527,0.26847870815773417,1.4025037516692171
1,76.695912,30.71134,0.2579416277151556,0.7976137913441066,32.339163454092585,0.2579416277151556,1.0,0.2579416277151556,0.2835921578766986,0.282776903016287,1.0028830320005473,0.2835921578766986,0.36521428922895244,0.7765089325377272,0.32421364747492676,0.12843207203660875,2.524397857433241,0.3761966980104655,0.49641416129508437,0.7578282960925489,0.3761966980104655,0.3590390198297495,1.0477877813638525
1,76.707906,30.702046,0.18485445552552704,0.7052757582001394,26.210238105627617,0.18485445552552704,1.0,0.18485445552552704,0.236037476012257,0.28399020603497444,0.8311465360294437,0.2558816916379475,0.2645413948053032,0.9672652245077598,0.3152484659156319,0.21912605556405723,1.438662623229099,0.341401841333627,0.3408550242762343,1.0016042511286252,0.37102162454531,0.282807696053199,1.3119219516413623
1,76.743765,30.680904,0.22793516254194168,0.4549397070222432,50.102279274294546,0.22793516254194168,0.7941458568834994,0.2870192680176377,0.24097804474311943,0.780949200150721,0.30857070433852973,0.28278932859386074,0.4381958003631007,0.6453492442408941,0.34579740215002885,0.701623676908848,0.49285309708120556,0.35117309398330315,0.25685095742129965,1.3672251702269953,0.3688179239229159,0.22062652005617786,1.6716844549286471
1,76.70499,30.708699,0.25178229582536416,0.7300208989491656,34.48973805925203,0.25178229582536416,1.0,0.25178229582536416,0.25178229582536416,0.23682512801903147,1.063157013495336,0.25178229582536416,0.3218082604196067,0.7823984862820629,0.27606838227092406,0.13278362431622381,2.0790845534797877,0.2972666953444893,0.39554184643092344,0.7515429733334253,0.36310032980649193,0.30714487319059713,1.1821793606210445
1,76.67732,30.699459,0.17436642900499144,0.9123961184862488,19.110825382979687,0.17436642900499144,1.0,0.17436642900499144,0.17436642900499144,0.06514643969007587,2.6765304417940996,0.24245485808783082,0.23918572327280743,1.0136677673328132,0.27246672787651677,0.12426000505427975,2.192714604811876,0.31483991410495427,0.4323882547141913,0.728141689031455,0.36032013394458545,0.43839424457337045,0.8219089059785355
1,76.722244,30.707777,0.18182496720710062,0.6332921241377957,28.711073496239788,0.18182496720710062,1.0,0.18182496720710062,0.25329898914967447,0.4364353275647034,0.5803814979027375,0.25329898914967447,0.40972507339897285,0.6182169596026228,0.3143667527422617,0.3615180224496278,0.8695742209810967,0.3226894091478237,0.49472069657368173,0.6522658368301428,0.3587508258371983,0.28184430896513263,1.2728687946705353
1,76.737219,30.685932,0.18651851039985423,0.5233077247618206,35.64222379571153,0.18651851039985423,1.0,0.18651851039985423,0.18971648020758486,0.7578044436111372,0.25035018177451696,0.18971648020758486,0.4020343114277679,0.4718912660310849,0.2516937103468507,0.6709665322958658,0.3751211099689622,0.32114279288486813,0.27932877097590697,1.14969464750399,0.34472244492228393,0.17355395143901753,1.9862552368530237
1,76.746763,30.674927,0.10789142699330445,0.44021232547415107,24.50895187387018,0.10789142699330445,0.704310696681423,0.15318726167537733,0.171529955105143,0.801780163888104,0.2139363915831193,0.22608071720719966,0.44486044394210544,0.508205933536815,0.2727827674664037,0.72907444036294,0.37414940418239034,0.2727827674664037,0.18614015258547612,1.4654697746696055,0.3434686700486589,0.31112052996766193,1.1039730167737862
1,76.720965,30.675272,0.21582102749684318,0.5884820298472316,36.67419165762287,0.21582102749684318,1.0,0.21582102749684318,0.2252810388415124,0.4806885915551666,0.4686631694600097,0.24233904898942313,0.17791671876953857,1.3620926165085865,0.27177857904255853,0.4895169021716477,0.5551975383012621,0.33089339389989064,0.21440540202575967,1.5433071684459496,0.33526708668406174,0.25084406652494684,1.3365557787699112
1,76.702839,30.705454,0.1952429877980445,0.7737566106417842,25.233126943639586,0.1952429877980445,1.0,0.1952429877980445,0.21184783847212102,0.19107791606697902,1.1086987069602616,0.21784810861874654,0.2713779395261252,0.8027480383967415,0.2475531252474355,0.13234762650503104,1.870476500294662,0.28061601637206285,0.40865198673607195,0.6866870233847628,0.3331901060827279,0.3087350447942886,1.0792105130298177
1,76.700597,30.661634,0.22426930946055978,0.7470196921084391,30.02187383140689,0.22426930946055978,1.0,0.22426930946055978,0.23800055598063194,0.39056681836988,0.6093721862343087,0.26912466810741165,0.23786538474167765,1.131415856912857,0.2930267151571531,0.4875583663337077,0.6010084851186657,0.33051765926738574,0.36746327271772034,0.8994576704847571,0.3327680304405012,0.42521556960944634,0.7825866553902137
1,76.726498,30.678517,0.1195942459383017,0.5988284814411444,19.971369038841544,0.1195942459383017,1.0,0.1195942459383017,0.17402575177143903,0.5383323502424958,0.3232682406937793,0.23002813996111843,0.22854404246952417,1.0064937045637152,0.24831836959018097,0.4624459300039324,0.5369673587311481,0.27629348111647617,0.1336757766417617,2.06689265667718,0.32363652347395805,0.2598063311049941,1.24568374487829
1,76.744026,30.670257,0.08413996499504883,0.48152944985723956,17.473482674838277,0.08413996499504883,0.8315880439202927,0.10117986376811546,0.16569979964617926,0.7860410736071572,0.21080297863542902,0.16569979964617926,0.46295072522705705,0.35792102834467054,0.2454191607439818,0.7075623559712619,0.3468516360047137,0.3165818564567292,0.2190338213365867,1.4453560391947031,0.3165818564567292,0.3608004608919615,0.8774430489198484
1,76.720789,30.68214,0.16080805141749865,0.6096508011263847,26.377075388138806,0.16080805141749865,1.0,0.16080805141749865,0.16080805141749865,0.46157560151283494,0.3483894098614463,0.16080805141749865,0.2106381266596926,0.7634327838345263,0.2151436081204286,0.38703629194495853,0.5558745073731348,0.27440355651178827,0.3281966685442987,0.8360948870349376,0.3154237187231328,0.2331777581073469,1.3527178633303556
1,76.716695,30.700924,0.16122128725400442,0.6448503223147795,25.001350185462933,0.16122128725400442,1.0,0.16122128725400442,0.18444519498410944,0.3544067861082582,0.5204335870921168,0.2236396642205983,0.28878998820799573,0.7744024147385813,0.2717344375246105,0.28392863935486323,0.9570518780424542,0.28106320960241904,0.3722621628818137,0.7550141744909256,0.3111718020679318,0.21635665107079008,1.438235434537758
1,76.706071,30.686267,0.09767211400638387,0.7143025343655256,13.673773969336462,0.09767211400638387,1.0,0.09767211400638387,0.14568619763319862,0.2381011249845469,0.6118669016900019,0.20379156251992192,0.05611186659523908,3.6318799370900456,0.24194442792555573,0.2872144613398167,0.8423824719581237,0.30917826418707645,0.29020892570157003,1.0653644213031996,0.30917826418707645,0.29788052361918105,1.037927087110733
1,76.69194,30.709532,0.09310276780589921,0.8224030848026375,11.32081937998108,0.09310276780589921,1.0,0.09310276780589921,0.1223120381873762,0.19966952403109098,0.6125723932127505,0.19479298025076724,0.31304544939363027,0.6222514354643445,0.2269064705321767,0.032635993247314136,6.952644854798484,0.2269064705321767,0.43520225248602634,0.5213816547042396,0.2934033136688653,0.3851596008041184,0.7617707388218065
1,76.724219,30.700283,0.14008401523652403,0.5934369450249708,23.605543337149246,0.14008401523652403,1.0,0.14008401523652403,0.17194150354644872,0.48568594221469025,0.3540178716361622,0.19405300633715708,0.37201669904517837,0.521624450824964,0.2370585431716935,0.40822551977844834,0.5807048596578421,0.2588715574016163,0.5509610217831604,0.46985457621628157,0.2847744687239078,0.1595172157235564,1.785227177093051
1,76.696064,30.715001,0.07455064367977082,0.8037559238218586,9.275283885347008,0.07455064367977082,1.0,0.07455064367977082,0.13739812409255509,0.2887155448131058,0.4758944454532124,0.21338220102425617,0.37062672428526083,0.5757334456541293,0.21338220102425617,0.13367635928611538,1.5962598185932166,0.2796153058657703,0.4375900290534437,0.638989207479452,0.2796153058657703,0.36393710783954686,0.7683066657468948
1,76.732203,30.688969,0.09717649377076854,0.5489947899802785,17.700804369065033,0.09717649377076854,1.0,0.09717649377076854,0.13756993394535558,0.6334959698318231,0.21715991971010778,0.20248648006276823,0.2967401211731274,0.6823697424610516,0.2297014556808752,0.5507122048862438,0.41709890146401013,0.2297014556808752,0.27446249530856254,0.8369138210400475,0.27001818139502864,0.05555555555555556,4.860327265110516
1,76.696883,30.70069,0.1014715428660321,0.792820769434551,12.798799776449195,0.1014715428660321,1.0,0.1014715428660321,0.1014715428660321,0.12813182597288483,0.7919308266745956,0.1014715428660321,0.2702667582468581,0.3754495873789604,0.1658197189045538,0.10923412970972791,1.5180211472842138,0.24795892691482718,0.4228715340300853,0.5863693981756315,0.2668326506451233,0.34507168625121437,0.7732672985834816
1,76.699339,30.676933,0.11586905952512971,0.7413681452918495,15.629085260942297,0.11586905952512971,1.0,0.11586905952512971,0.15676318488283744,0.2919619637504219,0.5369301633306024,0.22734323020483732,0.11944891112302225,1.9032674979405468,0.24490337181220706,0.3896928910328946,0.6284522439274736,0.254077899768707,0.3108609771107538,0.8173361035218774,0.2653597349830355,0.31825250299432895,0.8338025074001194
1,76.716714,30.6946,0.07404465173409036,0.7051334883584023,10.500799204200504,0.07404465173409036,1.0,0.07404465173409036,0.12019817372406846,0.3510119457605421,0.34243328517960697,0.13434185873759152,0.2593071876326244,0.5180799651721242,0.21523207414690068,0.2865660634648967,0.7510731436392356,0.21523207414690068,0.33564317171422015,0.6412526524751047,0.25788721009148863,0.24470372148358416,1.0538753089980648
1,76.695929,30.704942,0.036886947354532795,0.822564978070821,4.484380971463742,0.036886947354532795,1.0,0.036886947354532795,0.10868119610894299,0.15965885370072166,0.680708858856424,0.1636690524064292,0.268569213335719,0.6094110727495722,0.18004257123489728,0.1332438718912149,1.3512259038966574,0.24370795641521165,0.3879942744677044,0.6281225586371307,0.24370795641521165,0.3946561698574581,0.6175196918959459
1,76.726352,30.694305,0.093981939840869,0.5753686751243635,16.334212115484945,0.093981939840869,1.0,0.093981939840869,0.11595020537576353,0.530678194437339,0.21849438433908483,0.11595020537576353,0.25685953513753174,0.4514148377387651,0.14311616841408079,0.45169761770774713,0.3168406535778508,0.20532421310634086,0.3121365597448884,0.6578025120612399,0.24174425540040623,0.03249432990569738,7.439582724185369
1,76.711141,30.68668,0.03050024993904943,0.6696445216299218,4.554692669599013,0.03050024993904943,1.0,0.03050024993904943,0.08583719231072175,0.2896944299958242,0.29630252922694805,0.1352006473939425,0.09553183539806152,1.4152418074099506,0.21537053481227222,0.30064689118601606,0.7163570990628282,0.21537053481227222,0.3082293643176873,0.6987346429144664,0.22067999387304502,0.16870453263393873,1.3080857427339225
1,76.717025,30.708136,0.03142918568673425,0.6745798133812145,4.659075925975445,0.03142918568673425,1.0,0.03142918568673425,0.06659627723528991,0.358517872077379,0.18575441399729276,0.0765818898897729,0.3919057488818588,0.19540894745297227,0.09330954888927404,0.290374895458347,0.32134165297584716,0.13940211425031576,0.47169193847496454,0.29553635090949226,0.2088010390554637,0.2718519326569943,0.7680689889334564
1,76.685268,30.686947,0.02431596643145384,0.84979738812194,2.861383992388156,0.02431596643145384,1.0,0.02431596643145384,0.12056868414337507,0.10105010362484919,1.1931574517824253,0.15004008564032323,0.17092038494177958,0.8778361088493407,0.15004008564032323,0.22400863636626048,0.6697959867717039,0.15004008564032323,0.46157221122150316,0.32506308220604885,0.2053702208793279,0.39428244843292676,0.5208708165823019
1,76.704947,30.690631,0.15601864044243652,0.6987607806199041,22.32790459476345,0.15601864044243652,1.0,0.15601864044243652,0.1715918705207708,0.22992403499164527,0.7462981002704042,0.1715918705207708,0.19739668899279667,0.8692743094947882,0.1715918705207708,0.2713677913981212,0.6323221692475284,0.18629021402399093,0.2744288582782201,0.6788288053697585,0.19977945058364396,0.28227108695957426,0.7077573999360961
1,76.68811,30.698177,0.046450412719997725,0.8348737723093831,5.563764758295028,0.046450412719997725,1.0,0.046450412719997725,0.09766618484764428,0.08666756767873826,1.1269058018297686,0.12110914049683104,0.18941232466990637,0.6393941931069743,0.14367699832724612,0.12408699075679136,1.1578731779292712,0.15779047009980346,0.3934092925684132,0.4010847559539127,0.19672544281033036,0.39997296963785184,0.4918468440216142
1,76.696593,30.678177,0.035942273796742086,0.767447679039237,4.683351683562063,0.035942273796742086,1.0,0.035942273796742086,0.04824175145888352,0.21355834691724998,0.22589494700282697,0.09975724455034524,0.10638284271422636,0.9377192976344944,0.13698670281743638,0.3079681656918209,0.4448079966632555,0.18064246286074007,0.3963882762808834,0.45572100304181445,0.18064246286074007,0.27464442100552944,0.657732140341213
1,76.736689,30.682809,0.085347464993768,0.49652665351897096,17.18889900247965,0.085347464993768,0.936280631643216,0.0911558587343404,0.11530209333150383,0.7663900683632596,0.1504483135823363,0.11530209333150383,0.41777444749720166,0.27599125322827733,0.11530209333150383,0.6807000989833394,0.16938750780808381,0.16327370539314517,0.252814549625806,0.6458240067069266,0.16327370539314517,0.1680959120805928,0.97131276645719
1,76.704665,30.674897,0.11005192452767676,0.7208910997949353,15.26609560847431,0.11005192452767676,1.0,0.11005192452767676,0.11331653910914159,0.2718500119092177,0.41683477706443073,0.1138827637926103,0.08548776753206982,1.3321527404477884,0.14146827559123024,0.37235019905406785,0.37993339590155034,0.14146827559123024,0.28233012351560105,0.501073969116912,0.14681461928893674,0.2899384123311443,0.5063648452391224
1,76.703089,30.729861,0.09367476782809248,0.7953031328800322,11.778498531606173,0.09367476782809248,1.0,0.09367476782809248,0.12786898350015058,0.412329671278676,0.3101134660128046,0.12786898350015058,0.490336987163275,0.2607777647774552,0.1367142085211178,0.25564266900248594,0.5347863447622992,0.1367142085211178,0.626587627148964,0.21818849048006428,0.14119954603876483,0.3889755911000352,0.3630036158295899
1,76.698191,30.688447,0.005061583846218687,0.7496050785427644,0.6752333983727042,0.005061583846218687,1.0,0.005061583846218687,0.028664188690124014,0.15822851084438277,0.1811569137392385,0.028664188690124014,0.09958899985601906,0.2878248474386258,0.046287945156289534,0.2548789905627037,0.1816075348309341,0.10017477374043558,0.38437675885810024,0.26061610498520527,0.11829399482253405,0.32601212057749446,0.3628515240874766
1,76.728325,30.672599,0.9367299887367345,0.5398110264033202,173.52924318312387,0.9367299887367345,1.0,0.9367299887367345,0.9404269460464006,0.6848428667502773,1.3732010534167105,0.9445510489592841,0.42868567897195414,2.20336506510888,0.0,0.6006507079629932,0.0,0.0,0.0,,0.0,0.4041478088590799,0.0
1,76.689434,30.707174,0.9394989415641891,0.8353692638271569,112.46510761719588,0.9394989415641891,1.0,0.9394989415641891,0.9422489631162881,0.2008574113225276,4.691133660003554,0.0,0.32370801033591734,0.0,0.0,0.0,,0.0,0.3881371858116044,0.0,0.0,0.394702842377261,0.0
1,76.683038,30.698,0.9404585843529143,0.9106201983928415,103.27671031377679,0.9404585843529143,1.0,0.9404585843529143,0.0,0.09787791120521067,0.0,0.0,0.25683793146175765,0.0,0.0,0.1351370279982114,0.0,0.0,0.4975352738674381,0.0,0.0,0.4498839019712422,0.0
1,76.702343,30.687719,0.9695846277645586,0.7388808759897566,131.22340275294937,0.9695846277645586,1.0,0.9695846277645586,0.9722950727163763,0.21913924521286485,4.43688245695982,0.9749276983953551,0.08160040368629325,11.947584256364625,0.0,0.2859267521844209,0.0,0.0,0.3138196159668552,0.0,0.0,0.2981767721031524,0.0
1,76.728938,30.692466,0.9666548190436696,0.5566675497208567,173.65029082949107,0.9666548190436696,1.0,0.9666548190436696,0.969965878124656,0.6739490614259276,1.439227285326909,0.9705219086194438,0.33711113069533793,2.878937597277222,0.9718148631602229,0.5923151493786905,1.6407057360927018,0.0,0.3919097558826121,0.0,0.0,0.0,
1,76.711957,30.701618,0.9624472949421112,0.6776754089031486,142.02187098686082,0.9624472949421112,1.0,0.9624472949421112,0.9645271676008284,0.3003996061852088,3.2108136886376526,0.0,0.2910537441362136,0.0,0.0,0.24423756298140964,0.0,0.0,0.3704754734464586,0.0,0.0,0.25359790351537614,0.0
1,76.705985,30.680949,0.9539285770025874,0.6946496727793641,137.3251315567201,0.9539285770025874,1.0,0.9539285770025874,0.0,0.2615893104324981,0.0,0.0,0.0,,0.0,0.3892835955817961,0.0,0.0,0.333130879403373,0.0,0.0,0.2701488742619848,0.0
1,76.702706,30.711971,0.9283185625877254,0.7707885673917523,120.43751060411209,0.9283185625877254,1.0,0.9283185625877254,0.9283185625877254,0.25781588125970617,3.600703564310689,0.9283185625877254,0.3411173909722753,2.721404968365203,0.9283185625877254,0.09809949336795742,9.463031160678199,0.0,0.4788882099849793,0.0,0.0,0.33673209603095805,0.0
1,76.680322,30.696429,0.9488855372533332,0.8758769218693276,108.33548796196023,0.0,1.0,0.0,0.0,0.0,,0.0,0.20746399905901858,0.0,0.0,0.19156813433630002,0.0,0.0,0.42207497605538347,0.0,0.0,0.4283313822905056,0.0
