Ward,x,y,fill_ratio_0,distance_from_0_0_0,fill_per_m_0_0_0_0,distance_from_0_0_1,fill_per_m_0_0_0_1,distance_from_0_0_2,fill_per_m_0_0_0_2,distance_from_0_1_0,fill_per_m_0_0_1_0,distance_from_0_1_1,fill_per_m_0_0_1_1,fill_ratio_1,distance_from_13_0_0,fill_per_m_1_13_0_0,distance_from_24_0_1,fill_per_m_1_24_0_1,distance_from_66_0_2,fill_per_m_1_66_0_2,distance_from_4_1_0,fill_per_m_1_4_1_0,distance_from_58_1_1,fill_per_m_1_58_1_1,fill_ratio_2,distance_from_264_0_0,fill_per_m_2_264_0_0,distance_from_265_0_1,fill_per_m_2_265_0_1,distance_from_225_0_2,fill_per_m_2_225_0_2,distance_from_135_1_0,fill_per_m_2_135_1_0,distance_from_57_1_1,fill_per_m_2_57_1_1,fill_ratio_3,distance_from_153_0_1,fill_per_m_3_153_0_1,distance_from_193_0_2,fill_per_m_3_193_0_2,distance_from_151_1_0,fill_per_m_3_151_1_0,distance_from_96_1_1,fill_per_m_3_96_1_1,fill_ratio_4,distance_from_297_0_1,fill_per_m_4_297_0_1,distance_from_288_1_1,fill_per_m_4_288_1_1,fill_ratio_5,distance_from_52_1_1,fill_per_m_5_52_1_1,fill_ratio_6,distance_from_28_1_1,fill_per_m_6_28_1_1,fill_ratio_7,distance_from_105_1_1,fill_per_m_7_105_1_1,fill_ratio_8,distance_from_117_1_1,fill_per_m_8_117_1_1
2,76.756082,30.691572,0.8682725054083805,0.7548995626351478,115.01828168736498,0.7548995626351478,115.01828168736498,0.7548995626351478,115.01828168736498,0.7548995626351478,115.01828168736498,0.7548995626351478,115.01828168736498,0.8796936940800039,0.23635314031877735,372.1946291441407,0.23014979990802617,382.2265734888982,0.41313855757658774,212.9294586397751,0.7283152157960139,120.78474745561104,0.9606469477412601,91.57304836583313,0.8808452005397444,0.6545698267174154,134.56856160893807,0.5545238398090075,158.84712924932683,0.5947770613387083,148.09670005718806,0.898476561353385,98.03763820092509,0.8228134203496962,107.052848040007,0.8906881928220792,0.6138273827578448,145.10401748783767,0.5011790260559866,177.71856891764273,1.0,89.06881928220793,0.15619893740888235,570.226793854892,0.8906881928220792,0.4092639159320177,217.6317427823347,0.2424292828977623,367.40124054968305,0.8982543335340072,0.6378579885130574,140.82356099795388,0.9024885201237359,0.6355586430926686,141.99925214330648,0.9024885201237359,0.19356574660235024,466.24391761717726,0.0,0.24082463332778883,0.0
2,76.725031,30.72097,0.03158614482564204,1.0,3.1586144825642037,1.0,3.1586144825642037,1.0,3.1586144825642037,1.0,3.1586144825642037,1.0,3.1586144825642037,0.07799078177015156,0.593270809989409,13.145899049296535,0.588405040752736,13.254608028234998,0.2075012663279559,37.58568954797947,0.11248829605980139,69.33235234418508,0.4757325515357105,16.393829162707032,0.12712998098292227,0.19748576340388954,64.37425097976374,0.23579026539164072,53.916551971203354,0.10890420420881365,116.73560438416354,0.4269674131606011,29.775101580200253,0.36761884295998404,34.582008897939055,0.12712998098292227,0.33201584061152134,38.29033601191097,0.16348677646625429,77.76162924660974,0.5065925800856499,25.095113110702954,0.458579563769206,27.722557005812035,0.1877975223260527,0.2168413943422002,86.60593743908832,0.4175735621421664,44.9735182856513,0.1877975223260527,0.39904680041136475,47.06152815470721,0.18878197464576246,0.22074014950344595,85.52226455877044,0.18878197464576246,0.4811125266696343,39.23863216627353,0.0,0.39391241615373995,0.0
2,76.704889,30.732946,0.0603520839905638,1.0,6.03520839905638,1.0,6.03520839905638,1.0,6.03520839905638,1.0,6.03520839905638,1.0,6.03520839905638,0.08170742715356996,0.6747773897995129,12.10879741804131,0.6708866973912723,12.179020313159798,0.47765920234668896,17.10579985733553,0.11864157149607556,68.86913762455741,0.41983884923873754,19.461616594491897,0.155203570829828,0.2662976441059692,58.28199169800656,0.3564831577203243,43.537420343317194,0.23726473277570836,65.41367063454196,0.27677919400072415,56.07486913536641,0.3333906095622664,46.553072095703726,0.233819922263231,0.46587666382331105,50.18923256304373,0.2833332310543531,82.524708235998,0.46696900333224917,50.07182930659484,0.5670837603480758,41.23199051225033,0.2382763163994161,0.3413376863267322,69.8066243325196,0.5018379532748707,47.48072855878748,0.27842231292951886,0.519474940627052,53.5968708314281,0.33328313013668837,0.33204052702312936,100.37423236395252,0.36357723356015353,0.5850950887679269,62.13985393823113,0.0,0.6066964093941197,0.0
2,76.732449,30.702766,0.7896985071424791,1.0,78.96985071424791,1.0,78.96985071424791,1.0,78.96985071424791,1.0,78.96985071424791,1.0,78.96985071424791,0.7896985071424791,0.5290165478750822,149.2767117237611,0.5233820941682515,150.8837455353631,0.14972183217504131,527.4437907086486,0.30399388564014146,259.77447062119523,0.7646860169566839,103.27094907336485,0.7896985071424791,0.4494054496009669,175.72072342328357,0.3958781393860756,199.480200742364,0.1889052807450987,418.03940261895957,0.7082170597749773,111.50515173884558,0.639492721423366,123.48827135745799,0.0,0.4496631769787241,177.487555424599,0.10389079468903858,0.0,0.8004301381063259,99.7084120735731,0.37304704857716714,213.93981898747938,0.0,0.2487957910453067,0.0,0.33768507491868255,0.0,0.0,0.4714989068804322,0.0,0.0,0.46941042640550285,0.0,0.0,0.2940225022662235,0.0,0.0,0.25515899113062335,0.0
2,76.739919,30.725365,0.7064757264869012,1.0,70.64757264869012,1.0,70.64757264869012,1.0,70.64757264869012,1.0,70.64757264869012,1.0,70.64757264869012,0.7134043805635213,0.5378826853151732,132.63196604767094,0.5323544030065485,134.009294660562,0.25779758115849777,276.73043996673874,0.2825353365363655,252.5009399918718,0.4895843324642711,145.71634205953356,0.7146485647380046,0.16196820801688133,441.227678868633,0.06429026098026734,1111.5969259439657,0.2816633677179704,253.72435561218683,0.43417943374344936,164.5975164176663,0.3667500850169598,194.8598225150941,0.0,0.22372103973561905,0.0,0.26795601789280016,266.7036815810237,0.5246549183401201,136.21306877270453,0.38486087737502506,185.690104333889,0.0,0.09655310726088435,0.0,0.3246165517121108,0.0,0.0,0.24513659391540163,0.0,0.0,0.14218323552749754,0.0,0.0,0.4104531621949199,0.0,0.0,0.4411551842906098,0.0
2,76.751162,30.728939,0.5675408482615582,1.0,56.75408482615582,1.0,56.75408482615582,1.0,56.75408482615582,1.0,56.75408482615582,1.0,56.75408482615582,0.6050900344065197,0.9134380941128453,66.2431355016126,0.9066282854104681,66.74069672694696,0.5684256882310609,106.45015644693295,0.4713590616642141,128.37135925002596,0.4640336838487234,130.3978688331128,0.6374406188355992,0.3485247204648715,182.8968166118501,0.1758412906413465,362.5090651408779,0.44523689326645255,143.16886773669094,0.39579596352348523,161.05283468808685,0.3127248901730379,203.83430896174866,0.65782721739514,0.06491874415956864,1013.3085997138473,0.4283520048119784,153.57164434981178,0.47014532604375897,139.91997387929206,0.5806811956907014,113.28543480948714,0.0,0.21721571196872214,307.757072786377,0.4981471734997476,0.0,0.0,0.15647522583001255,0.0,0.0,0.18884866972427794,0.0,0.0,0.7564687812160986,0.0,0.0,0.7942771828444377,0.0
2,76.764624,30.706718,0.13271575404306035,0.7436967398952389,17.845412911418087,0.7436967398952389,17.845412911418087,0.7436967398952389,17.845412911418087,0.7436967398952389,17.845412911418087,0.7436967398952389,17.845412911418087,0.13271575404306035,0.3627550621530764,36.58550021475829,0.35654952701117976,37.22224936197966,0.3825150496442811,34.69556404812804,0.6972969275271677,19.032889548748162,0.7004045813462592,18.94844174033888,0.17955013665961397,0.6578062700336175,27.295291157750444,0.38549566101164884,46.57643517657865,0.6324368696739896,28.39020703397147,0.6363458681885702,28.21580930048679,0.5607751544054413,32.01820466707035,0.21261263991929008,0.37772652646391996,56.28745270014777,0.5380931905245876,39.51223387755824,0.7613751856774295,27.92481865955733,0.10172191384567275,209.01360570334435,0.0,0.4372019388632633,65.97571529212887,0.2012938785083262,0.0,0.0,0.32473027910249397,0.0,0.0,0.6046634352278947,0.0,0.0,0.21993980142287547,0.0,0.0,0.25433898835118446,0.0
2,76.748739,30.719108,0.22845474133129873,1.0,22.845474133129873,1.0,22.845474133129873,1.0,22.845474133129873,1.0,22.845474133129873,1.0,22.845474133129873,0.22845474133129873,0.5054682542644918,45.19665466701244,0.49955208838789145,45.73191597868139,0.20573140233660556,111.0451485464113,0.4263372027919824,53.585457669469655,0.5275185696689187,43.30743114402238,0.22845474133129873,0.32358814527266616,70.60046688014332,0.1390858870516218,164.2544374372848,0.31306222238811543,72.97422844206174,0.4682356015079691,48.790553429844344,0.39606584300697995,57.681000612636176,0.22845474133129873,0.19548542420962264,116.8653582511208,0.2896868351312008,78.86265912906615,0.563258183718413,40.55950680079405,0.34170057108730545,66.85816784102708,0.0,0.11293904669478556,0.0,0.2772386249113508,86.63444600160634,0.0,0.2184035683625098,0.0,0.0,0.22227613750886493,0.0,0.0,0.36909783136127805,0.0,0.0,0.40194468291590457,0.0
2,76.743991,30.750429,0.10493017841817487,1.0,10.493017841817487,1.0,10.493017841817487,1.0,10.493017841817487,1.0,10.493017841817487,1.0,10.493017841817487,0.15366575439468153,0.8886949516648764,17.291169946088353,0.8830200501253133,17.402295041077963,0.6011815252416756,25.560624860005092,0.37015753669889007,41.51360952017657,0.1500358037952023,102.41938957745985,0.21016278843675684,0.2967597565341926,70.81916729249706,0.46726638023630507,44.97708316409876,0.598532044396706,35.11303870932954,0.2167293233082707,96.9701677782781,0.12934121016827785,162.4871053574704,0.0,0.3206856426781239,78.73269621504052,0.6910848549946295,36.53450817656534,0.17558181167203724,0.0,0.8151987110633727,30.972135925689624,0.0,0.5151360544217687,0.0,0.7492481203007519,0.0,0.0,0.41959362692445396,0.0,0.0,0.25159326888650196,0.0,0.0,0.8309165771571787,0.0,0.0,0.8472878625134264,0.0
2,76.760178,30.737124,0.7798509888933498,0.8916237586436103,87.4641328624648,0.8916237586436103,87.4641328624648,0.8916237586436103,87.4641328624648,0.8916237586436103,87.4641328624648,0.8916237586436103,87.4641328624648,0.7935655366257487,0.9408018095776659,84.34991605532595,0.9345119398394793,84.91764554255552,0.6221316110598529,127.55589372381252,0.5324761649652271,149.03306266818004,0.26104943599511893,303.9905194970759,0.7935655366257487,0.4592497792593034,172.79606272334922,0.3013780172028929,263.3123490528198,0.5502048672083494,144.23091904878487,0.4991021558181295,158.99861929566987,0.3796243935831423,209.03965868356357,0.0,0.15567923648521284,0.0,0.5346091649553062,150.23479513037196,0.3966288679226564,202.4988720375786,0.5598678532099169,143.45688524782227,0.0,0.3395934402809607,0.0,0.5990753693066262,0.0,0.0,0.24398543607448633,0.0,0.0,0.2715358592021588,0.0,0.0,0.68959393632747,0.0,0.0,0.7077393176384218,0.0
2,76.742796,30.699565,0.6503256863469369,1.0,65.03256863469369,1.0,65.03256863469369,1.0,65.03256863469369,1.0,65.03256863469369,1.0,65.03256863469369,0.656186899788005,0.45796342511148386,143.28369118740582,0.4514789510289244,145.3416373659391,0.1871599230863642,350.6022491178361,0.6452256269688663,101.69882787678978,0.8880865687517898,73.88771803071845,0.6732663951706996,0.5681381172523831,118.50400012355017,0.46355807388618414,145.23884559413466,0.38385222763163274,175.39728747303397,0.8231088655238717,81.79554653954503,0.7440064640183284,90.49200883745466,0.0,0.5255492370003682,133.93225721292444,0.286012355275539,0.0,0.9292230904553451,75.7492967092514,0.2784641819743894,252.77217015459155,0.0,0.36910362885079573,0.0,0.2672748844249887,0.0,0.0,0.5506689031624595,0.0,0.0,0.5482653520435298,0.0,0.0,0.19406374013009858,0.0,0.0,0.23006586752853578,0.0
2,76.742851,30.7107,0.6949818861265425,1.0,69.49818861265426,1.0,69.49818861265426,1.0,69.49818861265426,1.0,69.49818861265426,1.0,69.49818861265426,0.7052610934509861,0.48894910416385406,144.2401852145827,0.4828354322963877,146.06655731472142,0.0724672619621608,973.2133854032489,0.37635725444060864,187.39139079416373,0.7446625908854216,94.70881202886984,0.7269796296359387,0.3404466644809164,213.53701048720046,0.28235713872442186,257.46812456031597,0.327476808547569,221.99423307569526,0.6229484484387958,116.69980581183898,0.608821430637789,119.40769379198257,0.0,0.3415073961929374,212.87375844276752,0.24818229156621854,0.0,0.7175657171510674,101.31192339041044,0.2902740545023239,250.445955592672,0.0,0.12276523114308305,0.0,0.21922431582804575,0.0,0.0,0.42654915045032876,0.0,0.0,0.4242830417928294,0.0,0.0,0.30720718983240436,0.0,0.0,0.32484426529864413,0.0
2,76.760074,30.707197,0.2576828885112137,0.9372924540832962,27.492261074824963,0.9372924540832962,27.492261074824963,0.9372924540832962,27.492261074824963,0.9372924540832962,27.492261074824963,0.9372924540832962,27.492261074824963,0.29458902198359915,0.47907937159624703,61.49065049535664,0.47142356876335845,62.48924353874948,0.3777788511465591,77.97922543560108,0.76675159697149,38.42039888109328,0.8855855964643233,33.26488406764269,0.33538907006333735,0.6757272408921304,49.633794490886466,0.5522562882639199,60.7306928306187,0.6019465542849552,55.717416716795036,0.9767548573291635,34.33707726628814,0.8833757984857451,37.966748765163224,0.39374020302048807,0.45160783934889454,87.18630827758943,0.48643328945938447,80.94433739477118,0.9287792979363144,42.39330095915709,0.1812034342434159,217.29179949843845,0.0,0.36359025756825625,0.0,0.1516066318090155,260.74392026936755,0.0,0.4213831161774118,0.0,0.0,0.6522768164418631,0.0,0.0,0.30260949367852874,0.0,0.0,0.3451148974194873,0.0
2,76.751598,30.701793,0.15954468011318834,0.905459890802184,17.620292376710488,0.905459890802184,17.620292376710488,0.905459890802184,17.620292376710488,0.905459890802184,17.620292376710488,0.905459890802184,17.620292376710488,0.24167180427167448,0.3490130197396052,69.24435210238953,0.34235615287694243,70.59075826177477,0.22419151616967659,107.79703371503503,0.7084628307433851,34.11213599139562,0.9577698446031079,25.232763970745115,0.26859217508084987,0.49906551868962623,53.819020754244896,0.4358147837043259,61.62989075264448,0.4261129777404452,63.033089605746596,0.8910646787064259,30.142837158663927,0.8098698026039479,33.164858625084456,0.0,0.5855942881142377,49.672042850714995,0.3256719865602688,89.31583241029361,1.0,29.08766457234436,0.16474170516589667,0.0,0.0,0.2620432591348173,0.0,0.08152036959260815,0.0,0.0,0.6113922721545568,0.0,0.0,0.6089248215035699,0.0,0.0,0.13422931541369174,0.0,0.0,0.17119907601847964,0.0
2,76.714692,30.737373,0.6802282424312913,1.0,68.02282424312914,1.0,68.02282424312914,1.0,68.02282424312914,1.0,68.02282424312914,1.0,68.02282424312914,0.6881814224390682,0.642080949840275,107.17985366335215,0.6377991044594676,107.89940243367062,0.4251386196789291,161.87224368343504,0.15066152485023673,456.7731696085956,0.36150526450863457,190.36553267750017,0.0,0.26178689377106307,266.58652187639404,0.3242721200537594,215.2169525757651,0.28418891447790523,0.0,0.2040697792215686,341.9852647925862,0.2663659019227782,262.00372111999957,0.0,0.41217827064774726,0.0,0.33191055400595676,0.0,0.41338042913005596,0.0,0.5235535264441098,0.0,0.0,0.3181397610541174,0.0,0.49477601356142825,0.0,0.0,0.47116508067293855,0.0,0.0,0.26488684176757815,0.0,0.0,0.5433823877028642,0.0,0.0,0.5671554093754855,0.0
2,76.747891,30.715129,0.4626229567393163,1.0,46.26229567393163,1.0,46.26229567393163,1.0,46.26229567393163,1.0,46.26229567393163,1.0,46.26229567393163,0.49032990367480317,0.5087732307549705,96.37494153283198,0.5028966028641609,97.50113659193832,0.21103953283589008,232.34030946045385,0.5096074523798488,96.21717684562496,0.577837512165732,84.85601805896077,0.5181934359746747,0.43974602586087036,117.83925391030687,0.19184316633452286,270.1130542596888,0.3831116466607962,135.25911845574322,0.5189507345784863,99.85407119532711,0.4472632896139408,115.8587006820877,0.0,0.24802335820549662,223.60106104850618,0.2944338879362284,188.35564903308452,0.6133382768688882,90.42038977687666,0.34610001390369377,0.0,0.0,0.15434953886082403,0.0,0.36578764425082266,0.0,0.0,0.27078833943551006,0.0,0.0,0.2746350280391157,0.0,0.0,0.37331417713305837,0.0,0.0,0.40594151179496685,0.0
2,76.746844,30.686661,0.26899340443509767,0.8572543732037043,31.378481445340885,0.8572543732037043,31.378481445340885,0.8572543732037043,31.378481445340885,0.8572543732037043,31.378481445340885,0.8572543732037043,31.378481445340885,0.3196248183687724,0.2259872973068871,141.43486035621154,0.2403754036121066,132.96901994371706,0.3758826242770464,85.03314538242425,0.7553046162580279,42.31733945335531,0.9716850583685199,32.89386984147202,0.3250283151288643,0.653088741439875,49.76786376875358,0.5996522726466309,54.20279884779162,0.4092271936983288,79.42490629507539,0.9129528439129971,35.60187333836039,0.8408437710676648,38.65501848413032,0.0,0.6540645069722882,58.12941258540801,0.3235904623354504,117.49538385296951,1.0,38.02038558326362,0.3087765674342689,0.0,0.0,0.45284391299719684,0.0,0.2386988610155058,0.0,0.0,0.6358265621119115,0.0,0.0,0.6712113685555121,0.0,0.0,0.17283468757761772,0.0,0.0,0.10871802150232408,0.0
2,76.74777,30.729357,0.48050694725782894,1.0,48.0506947257829,1.0,48.0506947257829,1.0,48.0506947257829,1.0,48.0506947257829,1.0,48.0506947257829,0.5255946996929275,0.7400306364573842,71.02337035788311,0.7336730709544358,71.63881577514914,0.4184279292357906,125.61176321400544,0.41150969653888125,127.72352732234269,0.546109870746188,96.24339859940103,0.5534237161064706,0.2851092800432514,194.10933099845627,0.02978544467916821,1858.034090367408,0.46009751604409244,120.2840043269076,0.40544247654709104,136.49870157158827,0.40507203572250977,136.6235304590583,0.0,0.1789129063585667,0.0,0.3890830087804487,151.36786021670602,0.5092460027432645,115.65071138214904,0.5279082107708173,111.56231572867601,0.0,0.19227881178602535,0.0,0.4541304151940809,0.0,0.0,0.21445520169001112,0.0,0.0,0.20407284668755818,0.0,0.0,0.5454891320671599,0.0,0.0,0.5638009230984872,0.0
2,76.747066,30.750712,0.05197128365147241,0.934209477590131,5.5631295654949415,0.934209477590131,5.5631295654949415,0.934209477590131,5.5631295654949415,0.934209477590131,5.5631295654949415,0.934209477590131,5.5631295654949415,0.10917994318803964,0.947156811519762,11.527124321985795,0.9415421673943268,11.595863357898239,0.6626962690069874,16.475110588994195,0.4341253464873051,25.149405366782087,0.07154686102427404,152.59920788278558,0.19495940055853006,0.29734588510348126,65.56653726372603,0.4660420301277907,41.833008174192216,0.5959227410798892,32.71554970452015,0.19870880896926119,98.11311414416905,0.19586606328430112,99.53710065410615,0.0,0.2993915992879852,74.80231376775117,0.687492804576732,32.57515453293612,0.16129260797562855,0.0,0.7917356689308266,28.286188469456654,0.0,0.5134122689715637,0.0,0.7450384789096609,0.0,0.0,0.3560959625926549,0.0,0.0,0.31282600802345045,0.0,0.0,0.8177366076568159,0.0,0.0,0.8489093952302093,0.0
2,76.757658,30.722922,0.45231828451830014,0.8721176244310046,51.864366898147026,0.8721176244310046,51.864366898147026,0.8721176244310046,51.864366898147026,0.8721176244310046,51.864366898147026,0.8721176244310046,51.864366898147026,0.5034649116828187,0.7505182399076785,67.08230192310184,0.7437437223516338,67.69333260264966,0.4072938259996153,123.61221298829467,0.6416664885773513,78.46208593486915,0.5613125894898809,89.69421336876944,0.5353410492497898,0.5113371658153997,104.69433576104575,0.33955933579808945,157.65758523220728,0.5981022802555938,89.50660562956163,0.5396213108798324,99.20680270705694,0.4569914303421452,117.14465823767964,0.0,0.17728078986173143,0.0,0.5034300002137071,112.09433608629942,0.5995341183510354,94.1258385679388,0.4586904024106169,123.02775759708135,0.0,0.38464086508665823,0.0,0.4628470070309662,0.0,0.0,0.12648259355031735,0.0,0.0,0.3337465005449533,0.0,0.0,0.5943624046331716,0.0,0.0,0.6319748680358173,0.0
2,76.735551,30.722152,0.5819714019143988,1.0,58.19714019143988,1.0,58.19714019143988,1.0,58.19714019143988,1.0,58.19714019143988,1.0,58.19714019143988,0.5819714019143988,0.5277106930569543,110.2822833744603,0.522060723802055,111.4758064303377,0.1693297568017966,343.69115795495196,0.3845811091406522,151.32605010548122,0.49201964121804076,118.28214834547539,0.5819714019143988,0.17194977409034604,338.45429864224116,0.21641877500824327,268.90984938447775,0.25875789792626525,224.90961882842137,0.4330157824850953,134.3995820601367,0.36057319561904594,161.40173728533756,0.0,0.310543341680554,193.4667772212845,0.19496849741117342,0.0,0.5204566315845758,115.43674507431426,0.4931692406405675,121.82393902837191,0.0,0.19442488838191652,0.0,0.4275083992050832,0.0,0.0,0.4120734674235606,0.0,0.0,0.3000989190200779,0.0,0.0,0.5088180513844207,0.0,0.0,0.5251174106386961,0.0
2,76.730468,30.707526,0.8172977699624937,1.0,81.72977699624937,1.0,81.72977699624937,1.0,81.72977699624937,1.0,81.72977699624937,1.0,81.72977699624937,0.8172977699624937,0.5419018558697174,150.82025667743537,0.5364215512546785,152.36109885049393,0.08015593800513454,1019.6347149105037,0.2318497324677794,352.5118451780293,0.6889883910897507,118.62286513562299,0.0,0.3796450768020607,217.25748657522837,0.32758218295919156,251.78638969797166,0.11952077588665969,0.0,0.6340729727627131,130.0808246364756,0.5672201716701099,145.4122037547094,0.0,0.3825926854357015,0.0,0.0,,0.7237546137422527,0.0,0.3901994173934841,0.0,0.0,0.20267618660696532,0.0,0.3392429572899288,0.0,0.0,0.40383102682237415,0.0,0.0,0.4017996836291027,0.0,0.0,0.32980369445140767,0.0,0.0,0.292003423029381,0.0
2,76.757627,30.748752,0.3264613082439919,0.9362678091428677,34.86836832966199,0.9362678091428677,34.86836832966199,0.9362678091428677,34.86836832966199,0.9362678091428677,34.86836832966199,0.9362678091428677,34.86836832966199,0.37181958825676487,0.9452583873838336,39.33523290767512,0.9394420337054945,39.578768557989235,0.6505784244470336,57.15215480328864,0.4786382026182766,77.68280639172012,0.20195774428226748,184.1076159659859,0.38321718985291,0.28919387539792485,132.51220805613914,0.4278873058539674,89.56030819565777,0.5641863067988955,67.92387288291773,0.32495435905433795,117.92954277275274,0.311596928524903,122.98490606664727,0.0,0.2753318715998642,161.41678898960998,0.6590460813005147,67.4356283743447,0.1238498022990193,0.0,0.7842536443951085,56.669404009500674,0.0,0.4787115950937131,0.0,0.718659119473776,0.0,0.0,0.33739438364081725,0.0,0.0,0.2925607552085723,0.0,0.0,0.8111886828802878,0.0,0.0,0.8191517664651432,0.0
2,76.727989,30.713761,0.6587077755008761,1.0,65.87077755008761,1.0,65.87077755008761,1.0,65.87077755008761,1.0,65.87077755008761,1.0,65.87077755008761,0.6828295323584894,0.5679991522522376,120.21664638951042,0.5628311514697012,121.3204938240253,0.13435986892515367,508.2094362110947,0.15036110794111412,454.1264305034954,0.5551362102414451,123.00216050787007,0.0,0.26925773162262184,253.59700100107395,0.2930761831787281,232.9870428065716,0.04480836009716494,0.0,0.5033502339457768,135.65694149097123,0.4403071455354669,155.08027504938303,0.0,0.3518886841976556,0.0,0.09099431030828674,0.0,0.58792122466946,0.0,0.42494986876212526,0.0,0.0,0.17528815272502,0.0,0.3761799181597352,0.0,0.0,0.3719167250851824,0.0,0.0,0.2843134058266356,0.0,0.0,0.36798774026312786,0.0,0.0,0.33234972855768763,0.0
2,76.749047,30.743196,0.7192017782722638,1.0,71.92017782722638,1.0,71.92017782722638,1.0,71.92017782722638,1.0,71.92017782722638,1.0,71.92017782722638,0.740920766096963,0.883851905681666,83.82860989879656,0.8777896769998661,84.40755063665166,0.5767149222619571,128.47261922597175,0.3975062630280545,186.39222447790004,0.25478571838366065,290.801529535212,0.0,0.20468149394733318,373.72128340070543,0.3509303704270333,217.97438196440154,0.4951999388040006,154.47059785814557,0.3034843472108011,0.0,0.22954236866764832,333.2449301206157,0.0,0.20625920330458394,0.0,0.5872329846436288,0.0,0.28898854487387887,0.0,0.7160505631944312,0.0,0.0,0.4022107054751295,0.0,0.6522919814117152,0.0,0.0,0.3758008070222409,0.0,0.0,0.20356275458491901,0.0,0.0,0.74411466600371,0.0,0.0,0.7777724656250598,0.0
2,76.750709,30.746168,0.8709691237460856,0.9870426383061763,88.24027351449784,0.9870426383061763,88.24027351449784,0.9870426383061763,88.24027351449784,0.9870426383061763,88.24027351449784,0.9870426383061763,88.24027351449784,0.882741427940773,0.9417699287735389,93.73217395997786,0.9355839594106742,94.35191989576363,0.6283637428041761,140.48255298776388,0.44549712167040684,198.14750421526935,0.23458874036491367,376.29317867840876,0.0,0.2486193775002439,359.56399350068324,0.39786320616645526,224.6867135490818,0.541086935310762,165.21296376209804,0.21708459361888965,0.0,0.21395258073958437,417.8242483760903,0.0,0.28762806127427065,0.0,0.641974826812372,0.0,0.2615279539467265,0.0,0.7705434676553811,0.0,0.0,0.4501805054151624,0.0,0.7053761342570006,0.0,0.0,0.35011220606888477,0.0,0.0,0.24759488730607862,0.0,0.0,0.7991804078446678,0.0,0.0,0.8335252219728754,0.0
2,76.728869,30.724373,0.49888815345135606,1.0,49.888815345135605,1.0,49.888815345135605,1.0,49.888815345135605,1.0,49.888815345135605,1.0,49.888815345135605,0.49888815345135606,0.5802895428770551,85.97228048913067,0.5752684765736371,86.72266494120959,0.3258941299458295,153.08289030375656,0.12352298286184941,403.8828579854832,0.43250071276966456,115.3496719708407,0.0,0.1470364621281718,339.29553678765393,0.2113995628346058,235.9929920203642,0.14031266829283748,0.0,0.37904298793043373,131.61782946448218,0.32093642094592456,155.44765906622206,0.0,0.29504704279785854,0.0,0.1966373111160389,0.0,0.4567507206893275,0.0,0.44129945829505496,0.0,0.0,0.191845915037856,0.0,0.39898469921120155,0.0,0.0,0.37986663287610484,0.0,0.0,0.1958691038109418,0.0,0.0,0.47124370386796344,0.0,0.0,0.48572876738366016,0.0
2,76.740917,30.734954,0.06420893707513409,1.0,6.420893707513409,1.0,6.420893707513409,1.0,6.420893707513409,1.0,6.420893707513409,1.0,6.420893707513409,0.08643810454737913,0.5948658751939822,14.530688034372822,0.5900191879887777,14.650049745335265,0.35449618151378703,24.38336688938845,0.22566909510668062,38.303031483561014,0.2998906819762864,28.823204501637086,0.11598009826955213,0.06550672344068924,177.05067843083654,0.13802356070972624,84.02920318326439,0.2762993937818685,41.97624058528175,0.24871761549105198,46.631236006572564,0.19058030287972724,60.85628814576167,0.1615671859692193,0.17608610896637134,91.75464601814511,0.35534473400555,45.46773049032882,0.32797700499193494,49.26174198498833,0.4613449939225294,35.02090368327487,0.1615671859692193,0.20507449679308315,78.78463119294545,0.4050118109333313,39.89196897663184,0.0,0.24283890498505475,0.0,0.0,0.0,,0.0,0.4747689414498781,0.0,0.0,0.48875094602135905,0.0
2,76.727024,30.707493,0.00977084741918366,1.0,0.9770847419183659,1.0,0.9770847419183659,1.0,0.9770847419183659,1.0,0.9770847419183659,1.0,0.9770847419183659,0.049263441854929896,0.5552385108597133,8.872482886435952,0.5499093625163651,8.958465742336552,0.10693544596998893,46.06839332652665,0.26582799019772396,18.532074751905373,0.711621739568297,6.922700518510775,0.10229395049700715,0.3977055288865017,25.721028013719188,0.347158347040854,29.466078338300495,0.1451458592097754,70.47665779370561,0.6435680956057604,15.89481380377047,0.5933985699419249,17.23865807546832,0.0,0.3986286884420423,45.07390392517204,0.05056396656483937,0.0,0.7259139279599852,24.75190310116821,0.40795259995300276,44.043722743092914,0.0,0.22588035852160193,0.0,0.39919936889455837,0.0,0.0,0.4347577965020645,0.0,0.0,0.4327939843566417,0.0,0.0,0.34930679109738494,0.0,0.0,0.4911292759072141,0.0
2,76.756675,30.701723,0.030652502205806065,0.900207255034524,3.4050494521542713,0.900207255034524,3.4050494521542713,0.900207255034524,3.4050494521542713,0.900207255034524,3.4050494521542713,0.900207255034524,3.4050494521542713,0.06746694177726129,0.31284427056202685,21.56566321513783,0.3058064659137508,22.061973600090443,0.3352544138672459,20.124102468633524,0.6922539816241258,9.745981037042835,0.955423542841943,7.061469468983185,0.1601737236591788,0.6087202278697064,26.31319222292433,0.4953949482970729,32.332530682797284,0.5409910558923603,29.607462436689197,0.8850122468884036,18.09847538520855,0.7992951112194797,20.039372368336238,0.0,0.562569962428098,38.84628700031339,0.4349695767342369,50.2420292984994,1.0,21.853754218237416,0.11833486650337481,0.0,0.0,0.40943398317576774,0.0,0.0,,0.0,0.5897901958393829,0.0,0.0,0.5871856539616744,0.0,0.0,0.15087501523934074,0.0,0.0,0.18988772762033534,0.0
2,76.724239,30.739403,0.7090605194509164,1.0,70.90605194509165,1.0,70.90605194509165,1.0,70.90605194509165,1.0,70.90605194509165,1.0,70.90605194509165,0.7372764425589885,0.6011950002633817,122.63515868162409,0.5964240294385454,123.61615330171003,0.3594783537893097,205.09619975368707,0.16525318503691105,446.1496112128247,0.28857600818740736,255.48778195039193,0.0,0.21541610541286957,346.0046185523485,0.3260063061097022,228.6304466709646,0.37754633636096835,0.0,0.24076094727098962,309.58080298429485,0.18256864855102453,408.25721160214044,0.0,0.34502998788444317,0.0,0.455356806911135,0.0,0.3463694718068735,0.0,0.4691279056642109,0.0,0.0,0.30743413576948836,0.0,0.5042554952704177,0.0,0.0,0.410755002370435,0.0,0.0,0.18091310662442525,0.0,0.0,0.491221865193736,0.0,0.0,0.5177105360193246,0.0
2,76.731578,30.712854,0.643577695196525,1.0,64.35776951965249,1.0,64.35776951965249,1.0,64.35776951965249,1.0,64.35776951965249,1.0,64.35776951965249,0.6698247055436869,0.5484167831214425,122.13789332471242,0.5430144176693139,123.35302410913114,0.06583387300180647,1017.4469084103665,0.3012116977402093,222.376723935005,0.6138842496335936,109.11254132085686,0.0,0.33515968506084054,202.55960134077475,0.2838286921844644,239.19291481391494,0.12235420430144177,0.0,0.559741299976141,121.28783813936417,0.4938477794062511,137.47112981462993,0.0,0.31184600702137083,0.0,0.07461910767238147,0.0,0.6481560380381063,0.0,0.39887180885510753,0.0,0.0,0.1606990694979379,0.0,0.3100991853846416,0.0,0.0,0.332773782337503,0.0,0.0,0.3307713282661304,0.0,0.0,0.4238897031255326,0.0,0.0,0.32307679198336686,0.0
2,76.727572,30.739281,0.7975591006371882,1.0,79.75591006371882,1.0,79.75591006371882,1.0,79.75591006371882,1.0,79.75591006371882,1.0,79.75591006371882,0.8025640687424495,0.6025572762383291,133.19299266498473,0.5978026922644268,134.25233427812168,0.4113315084930068,195.11368620478393,0.16811279013086353,477.3961981820134,0.2544227380104241,315.4451033026644,0.0,0.1106303198470134,0.0,0.2832652142937493,287.8389244125146,0.3346207206869399,243.66319706206863,0.20083992650643068,405.9688530267541,0.14380741685102552,566.9718321291981,0.0,0.3184971315009937,0.0,0.41216393565563014,0.0,0.31474745959728523,0.0,0.5161573362330796,0.0,0.0,0.2647493344332371,0.0,0.46089467171622484,0.0,0.0,0.38398890097116506,0.0,0.0,0.18371892459409803,0.0,0.0,0.5293261839589036,0.0,0.0,0.543042483782669,0.0
2,76.761443,30.701343,0.24204501586252747,0.7563601695354356,32.00129060354858,0.7563601695354356,32.00129060354858,0.7563601695354356,32.00129060354858,0.7563601695354356,32.00129060354858,0.7563601695354356,32.00129060354858,0.3078462907271047,0.3743665737468782,82.23124400397185,0.3677965574772796,83.70015555301158,0.3898175110622908,78.97189889910113,0.723624079006,42.54229504772355,0.9696888050653375,31.746916033166126,0.0,0.5947419144239837,62.167813438014676,0.5323163970611094,69.45832325250231,0.5678297184426782,65.11424671657156,0.8983201898465271,41.15882599276175,0.8237080176996653,0.0,0.0,0.4956528046922766,0.0,0.46778723095576125,0.0,1.0,0.0,0.0,,0.0,0.3608120291401984,0.0,0.11064363361278357,0.0,0.0,0.4591032031420015,0.0,0.0,0.6253847190126323,0.0,0.0,0.23086249598441438,0.0,0.0,0.22415776329288387,0.0
2,76.712239,30.733528,0.033203108791366565,1.0,3.3203108791366565,1.0,3.3203108791366565,1.0,3.3203108791366565,1.0,3.3203108791366565,1.0,3.3203108791366565,0.0,0.6471665201991958,5.130535612557144,0.6429455939921707,5.164217486148741,0.3018028814146095,11.001587736915255,0.0877073846235786,0.0,0.37058933184202814,8.959542528202112,0.0,0.23982051077201672,0.0,0.3376607813373812,0.0,0.2189289233309366,0.0,0.29047828286863203,0.0,0.2768035471758408,0.0,0.0,0.4079784825970014,0.0,0.26627786210753374,0.0,0.42247210460440465,0.0,0.5303320817022183,0.0,0.0,0.32122313653431334,0.0,0.495352986604884,0.0,0.0,0.47868898298314294,0.0,0.0,0.2753388724667785,0.0,0.0,0.5498721738435727,0.0,0.0,0.5733136268008842,0.0
2,76.724063,30.726649,0.7315895217553319,1.0,73.15895217553319,1.0,73.15895217553319,1.0,73.15895217553319,1.0,73.15895217553319,1.0,73.15895217553319,0.7315895217553319,0.5898047168277901,124.03927959242479,0.5848897420218736,125.08161268589525,0.34117665270865416,214.43129708528693,0.0727184067741511,1006.0582378097245,0.3960927885322414,184.70155047919573,0.0,0.1136481497248388,0.0,0.22739692098113734,323.8617994175269,0.1815986439313606,405.5381384829735,0.3469120800018576,212.2877243437645,0.28705774901894004,256.5517783883173,0.0,0.32632336664164024,0.0,0.22620494283923,0.0,0.42722354234231447,0.0,0.4539656493571832,0.0,0.0,0.20829431023940181,0.0,0.4107293513007268,0.0,0.0,0.39392555554695535,0.0,0.0,0.15751139732346725,0.0,0.0,0.4766906352314682,0.0,0.0,0.5039358499036355,0.0
2,76.764698,30.740955,0.4799388347171235,0.926028043130663,51.82767825200774,0.926028043130663,51.82767825200774,0.926028043130663,51.82767825200774,0.926028043130663,51.82767825200774,0.926028043130663,51.82767825200774,0.5063181472849757,0.9388401459554755,53.93017644869523,0.9323418474027305,54.30606259876144,0.6154831700217294,82.26352432465382,0.6209155016194498,81.54380845129728,0.3404944446722152,148.7008540689686,0.5461085368097264,0.436205977614694,125.19510617346712,0.37566110450576035,145.37265909607962,0.6153499241523513,88.7476402247054,0.4773687015702513,114.39973651673498,0.4629883973596819,117.95296381595303,0.0,0.2251240211553442,259.5581343185328,0.6166208847525727,94.76288002281007,0.25811774834980117,0.0,0.6427063261038908,90.91675085196162,0.0,0.41514288057070237,0.0,0.6832233200770776,0.0,0.0,0.2569390348899184,0.0,0.0,0.35132835882087654,0.0,0.0,0.7767414210159486,0.0,0.0,0.7954880898692142,0.0
2,76.739675,30.751624,0.039618825348357145,1.0,3.9618825348357145,1.0,3.9618825348357145,1.0,3.9618825348357145,1.0,3.9618825348357145,1.0,3.9618825348357145,0.09911351196696377,0.8918545188895847,11.113192776145416,0.8863407082724554,11.18232650739279,0.6124939121964795,16.181958709031143,0.38803659639602034,25.542310412858853,0.08302894315730885,119.3722432178628,0.0,0.2363198358032422,50.0238774617441,0.4019863633201141,29.408048597377277,0.5295258470743756,22.32494329278783,0.058147220482849794,0.0,0.04553677033326376,259.6063449709649,0.0,0.34938774090308217,0.0,0.6194514019341821,0.0,0.24092047589229806,0.0,0.7400420928129131,0.0,0.0,0.44849718221665624,0.0,0.6759636123286719,0.0,0.0,0.43606936617268494,0.0,0.0,0.2728379600640089,0.0,0.0,0.7553137827871704,0.0,0.0,0.771220343699993,0.0
2,76.763248,30.749912,0.3924935564066848,0.9009066120152144,43.566508578367106,0.9009066120152144,43.566508578367106,0.9009066120152144,43.566508578367106,0.9009066120152144,43.566508578367106,0.9009066120152144,43.566508578367106,0.43300598975281784,0.9481737499348699,45.66736737676624,0.9426680792677633,45.9340884958324,0.6745228129287736,64.19441736487884,0.5064782812581413,85.49349612330639,0.24458551157580286,177.03664741344215,0.47320848809129534,0.325390346839884,145.42794298816392,0.42070618476127625,112.47956536693437,0.585693940288657,80.79449957397142,0.3592406690171423,131.72464281005855,0.34836827205307674,135.83570205819382,0.0,0.2763082480851729,171.26107938168656,0.675486739496674,70.05444524993896,0.12637858867256022,0.0,0.795899404276013,59.45581634424613,0.0,0.5047848967469649,0.0,0.73191552182295,0.0,0.0,0.334013581812182,0.0,0.0,0.33034892404953364,0.0,0.0,0.8111485488997343,0.0,0.0,0.827031627212255,0.0
2,76.74202,30.744061,0.31036195892357377,1.0,31.036195892357377,1.0,31.036195892357377,1.0,31.036195892357377,1.0,31.036195892357377,1.0,31.036195892357377,0.31036195892357377,0.7769330106303826,39.94706810974017,0.7715109168811844,40.22781170462306,0.5153640243224521,60.22189060084392,0.3419339941331919,90.76662872036056,0.16637446655662838,186.54422481224714,0.0,0.13942648957914633,258.02158170814715,0.3023373158070282,118.98975578716686,0.42788358747616073,84.07670783874167,0.19720514158164357,0.0,0.13216567318629255,272.196573481812,0.0,0.2506136202310804,0.0,0.5163133183384789,0.0,0.23516835002437378,0.0,0.6348981005567481,0.0,0.0,0.348202755518306,0.0,0.5718855031685895,0.0,0.0,0.3252914161585235,0.0,0.0,0.16847830734890404,0.0,0.0,0.6499157608463255,0.0,0.0,0.6655577316149116,0.0
2,76.718283,30.735031,0.9362122462436898,1.0,93.62122462436898,1.0,93.62122462436898,1.0,93.62122462436898,1.0,93.62122462436898,1.0,93.62122462436898,0.9362122462436898,0.6289115289010258,148.8623126180638,0.6244722193046949,149.92055968255804,0.40399817946294153,231.73674878640583,0.1032804677379827,906.4756064223225,0.338024717291601,276.9656177054222,0.0,0.1814585302664286,516.2938251242438,0.28436088646150615,0.0,0.23872142281973183,392.44872783547294,0.23886146413191892,392.21864034516983,0.23938661905262054,391.3582098424821,0.0,0.3905612155585898,0.0,0.2885201134334629,0.0,0.39180758323705495,0.0,0.5060322795224591,0.0,0.0,0.2670797885376186,0.0,0.45021181248468295,0.0,0.0,0.4517172565906942,0.0,0.0,0.23784616461856248,0.0,0.0,0.5265833420859153,0.0,0.0,0.5512306130308441,0.0
2,76.739484,30.740651,0.9758652558191313,1.0,97.58652558191314,1.0,97.58652558191314,1.0,97.58652558191314,1.0,97.58652558191314,1.0,97.58652558191314,0.9770398188593372,0.7683584210292617,127.15938188723624,0.7627281204209405,128.098046040327,0.48310465787487233,202.24185441664648,0.31666444651658454,308.54105334751154,0.2242262776963723,435.73832152820177,0.0,0.09239376581856934,0.0,0.2777141334754229,352.2561015278354,0.4074064206740376,240.12016755991078,0.1677989432085609,582.9982962147906,0.09912526086763465,986.897760883217,0.0,0.24886106300785935,0.0,0.4928821988366414,0.0,0.2924292882198837,0.0,0.6125127658629723,0.0,0.0,0.3253407930376093,0.0,0.5576128946316771,0.0,0.0,0.3032192176191111,0.0,0.0,0.1365481106522801,0.0,0.0,0.6385773278273611,0.0,0.0,0.6698459215842991,0.0
2,76.750081,30.70896,0.8148251137465122,1.0,81.48251137465122,1.0,81.48251137465122,1.0,81.48251137465122,1.0,81.48251137465122,1.0,81.48251137465122,0.8192238195638176,0.4876296733150929,168.00122396047414,0.48150010151499045,170.13990588708376,0.177080815600437,462.6270874041512,0.48849980180406644,167.70197583261293,0.7180687014782516,114.08710863978934,0.8235058750547366,0.47026577591290986,175.11499182692904,0.4120348438119363,199.8631638615997,0.4451674030531842,184.98791003265623,0.6566472982510417,125.41068504326708,0.5818742567652491,141.52643212517498,0.8296403082573817,0.37537343014318447,221.0173234533193,0.35183162046928934,235.80606744520827,0.7569537768410469,109.60250594424318,0.3179546179652529,260.93041628602714,0.0,0.2520278827840245,0.0,0.17503117960418824,477.57297598994097,0.0,0.39911826979784015,0.0,0.0,0.396855935726509,0.0,0.0,0.3463401428944341,0.0,0.0,0.3803718349076214,0.0
2,76.735219,30.742392,0.5412963353010705,1.0,54.12963353010704,1.0,54.12963353010704,1.0,54.12963353010704,1.0,54.12963353010704,1.0,54.12963353010704,0.5842587816444281,0.7982592006464864,73.19161259541441,0.7929223206168557,73.68423948387563,0.527871308798276,110.68204918629142,0.3106081012828715,188.10159143670964,0.20272568099936025,288.2016618537204,0.0,0.10966699215461799,568.181115054076,0.32354624734839554,192.5867303289755,0.38119128590188217,163.4631120688213,0.14923903161722618,0.0,0.08414424728105323,740.5225657187377,0.0,0.2879979123876225,0.0,0.46823967136940636,0.0,0.2673743223677565,0.0,0.650535371561332,0.0,0.0,0.3027711370753224,0.0,0.522930064985353,0.0,0.0,0.3395316340617529,0.0,0.0,0.18153809892588973,0.0,0.0,0.6752500084177918,0.0,0.0,0.7048806357116402,0.0
2,76.737358,30.730679,0.498195716453139,1.0,49.8195716453139,1.0,49.8195716453139,1.0,49.8195716453139,1.0,49.8195716453139,1.0,49.8195716453139,0.498195716453139,0.5849525017816727,85.16857606997384,0.579987312924371,85.89769213074193,0.3333959855586621,149.43062845172736,0.2132525119626593,233.61774821221027,0.32131976912654964,155.0467055940551,0.0,0.07621643211239809,0.0,0.11694037857607155,450.36940452724986,0.2666400394709019,197.51860511648297,0.2715582391592071,193.94133953571435,0.21099703185082505,249.60715419793982,0.0,0.21882072848875,0.0,0.3420184980695283,0.0,0.35270070248807656,0.0,0.44751701399494087,0.0,0.0,0.17188638018936636,0.0,0.3767199993734778,0.0,0.0,0.26676534392155943,0.0,0.0,0.05839187400637487,0.0,0.0,0.47050254916241807,0.0,0.0,0.4980695283070586,0.0
2,76.743005,30.717842,0.5264026609361132,1.0,52.640266093611324,1.0,52.640266093611324,1.0,52.640266093611324,1.0,52.640266093611324,1.0,52.640266093611324,0.5321857539709601,0.5149593183419823,103.34520320642841,0.5091568051398918,104.52295807472142,0.22098056981777914,240.82920702476292,0.3487456870120718,152.59995285691906,0.5660653652196993,94.01489415703963,0.0,0.34724472145190965,153.259566263749,0.16628684916211345,0.0,0.3349349734127747,158.89226154806266,0.5079121019924403,104.77910486544798,0.43713791493918347,121.74321553530768,0.0,0.24164630295708522,0.0,0.23105717397472156,0.0,0.6028664781307488,0.0,0.3543468511756038,0.0,0.0,0.14064230343300113,0.0,0.2560610636720574,0.0,0.0,0.26413332967244174,0.0,0.0,0.26198255585147767,0.0,0.0,0.3812086433650916,0.0,0.0,0.41343364176345154,0.0
2,76.750122,30.751839,0.18211791568869928,0.933011161801035,19.519371594349263,0.933011161801035,19.519371594349263,0.933011161801035,19.519371594349263,0.933011161801035,19.519371594349263,0.933011161801035,19.519371594349263,0.23592190457701265,0.9461925455758516,24.93381560445827,0.9404764051427232,25.08536134313864,0.6565897902879709,35.931400101963305,0.4238869754945273,55.65679490429603,0.07009034026362768,336.59688865776667,0.0,0.26653082568476477,94.12827614784842,0.43827650251546246,57.24260145816163,0.5797374542438286,43.27491173516267,0.18422381304434066,0.0,0.1813296788502804,138.35621019703137,0.0,0.2867176370881945,0.0,0.6665164000937664,0.0,0.12581820148944228,0.0,0.7879708603061832,0.0,0.0,0.48649404042771877,0.0,0.7223073732801991,0.0,0.0,0.3444560650594154,0.0,0.0,0.3003949005535821,0.0,0.0,0.8144328037939306,0.0,0.0,0.8461691039904792,0.0
2,76.753596,30.742354,0.10456784033440025,0.9237065851075411,11.320460633310967,0.9237065851075411,11.320460633310967,0.9237065851075411,11.320460633310967,0.9237065851075411,11.320460633310967,0.9237065851075411,11.320460633310967,0.0,0.9409389197375062,18.800897727846845,0.9346636180974156,18.92712635391329,0.6230067998931021,28.39535042181072,0.4741910898635072,37.30668242464791,0.3152497748215894,0.0,0.0,0.2614544050835882,0.0,0.3467252625431798,0.0,0.5581455196919757,0.0,0.37686452672941967,0.0,0.3003236630341182,0.0,0.0,0.1840722154586216,0.0,0.660490344547713,0.0,0.35065474953232173,0.0,0.6343003632548425,0.0,0.0,0.4659262998485613,0.0,0.7247973394304718,0.0,0.0,0.277578169076818,0.0,0.0,0.2205758628539755,0.0,0.0,0.7962902475477823,0.0,0.0,0.8311310389880333,0.0
2,76.732014,30.741725,0.6364302495436367,1.0,63.64302495436367,1.0,63.64302495436367,1.0,63.64302495436367,1.0,63.64302495436367,1.0,63.64302495436367,0.6364302495436367,0.620865048932639,102.5070183347825,0.616329479768786,103.26136756956545,0.3910748011217307,162.73875169613234,0.20643278200652435,308.2990227412244,0.23572798031248213,269.9850262578001,0.0,0.09594088021518915,0.0,0.27563240428089053,234.28517793229798,0.3246222743661649,198.92839148805584,0.1366393864820008,472.605948720079,0.081318319693241,794.1210187871478,0.0,0.30819693241000407,0.0,0.39860069822011107,0.0,0.2906698906884908,0.0,0.49532135294454305,0.0,0.0,0.25797659245693355,0.0,0.4450795513077319,0.0,0.0,0.3519930750300464,0.0,0.0,0.12318291077662681,0.0,0.0,0.5163180335374579,0.0,0.0,0.5414997424597952,0.0
2,76.746288,30.747585,0.727169069766308,0.969224927530863,75.02583240598223,0.969224927530863,75.02583240598223,0.969224927530863,75.02583240598223,0.969224927530863,75.02583240598223,0.969224927530863,75.02583240598223,0.7412148795236165,0.9447382312899969,78.45716993071419,0.9388666104818618,78.94783681179129,0.6472582123970845,114.516102743381,0.4082258258703242,181.56981566351675,0.1786491567648666,414.89973585444034,0.0,0.20829435898385765,365.35263073612475,0.3298943293479167,230.68263153438087,0.5683062133602526,133.90825268701815,0.16203450734878722,0.0,0.1590616520184854,478.43644936746324,0.0,0.30535206571769913,0.0,0.6574455671115144,0.0,0.24978467636626317,0.0,0.7822036174370467,0.0,0.0,0.471100326921474,0.0,0.801874473267455,0.0,0.0,0.3646609926187984,0.0,0.0,0.2397455013567704,0.0,0.0,0.8093945932930161,0.0,0.0,0.8419941283791919,0.0
2,76.745708,30.691201,0.5596486834869141,0.8729244841644945,64.11192418581004,0.8729244841644945,64.11192418581004,0.8729244841644945,64.11192418581004,0.8729244841644945,64.11192418581004,0.8729244841644945,64.11192418581004,0.0,0.1934538302158823,0.0,0.20893128240382688,277.86605715856143,0.3068087422302427,189.22182997988486,0.7362913312900423,78.8477457108131,0.963001155318763,60.28540187931192,0.0,0.6266028854324808,0.0,0.5690851975977008,0.0,0.3641163721081226,0.0,0.9063141512226329,0.0,0.8284972262801601,0.0,0.0,0.6276436271280303,0.0,0.2719391213848548,0.0,1.0,0.0,0.24185309310341538,0.0,0.0,0.4110643254752561,0.0,0.1805639101333868,0.0,0.0,0.6480192489473232,0.0,0.0,0.6457754480440739,0.0,0.0,0.1537051359170462,0.0,0.0,0.0645737255688274,0.0
2,76.717378,30.731993,0.35062693120918076,1.0,35.06269312091808,1.0,35.06269312091808,1.0,35.06269312091808,1.0,35.06269312091808,1.0,35.06269312091808,0.0,0.6212163446762584,63.80820555476042,0.6166848925388283,64.2770735827355,0.3916346820478733,101.21345741854951,0.058937467389983636,0.0,0.3242918712610159,122.2315565941991,0.0,0.1838954764100035,0.0,0.2889336792675343,0.0,0.19981273809779074,0.0,0.2751677852348993,0.0,0.22360643551972326,0.0,0.0,0.3644245270207489,0.0,0.2506450529265033,0.0,0.379984418666152,0.0,0.49577945979944393,0.0,0.0,0.2712938939754558,0.0,0.4582270157457241,0.0,0.0,0.44033707142397666,0.0,0.0,0.22203400733323325,0.0,0.0,0.5167642286882376,0.0,0.0,0.5419230796720773,0.0
2,76.764742,30.727141,0.7140869321324278,0.8670011561212692,82.36285812201929,0.8670011561212692,82.36285812201929,0.8670011561212692,82.36285812201929,0.8670011561212692,82.36285812201929,0.8670011561212692,82.36285812201929,0.0,0.7958042899956224,92.30326005245759,0.7886879707265605,93.13611092946971,0.43526282116038656,0.0,0.7314992535721903,100.41750551571566,0.5488882154201884,133.8256648015212,0.0,0.49080153999842857,0.0,0.31034560168816155,0.0,0.5918667429931194,0.0,0.6226554870862376,0.0,0.5358565960646978,0.0,0.0,0.1454804637954451,0.0,0.5742330875172575,0.0,0.5890381744508424,0.0,0.48925256198718164,0.0,0.0,0.3535935167413094,0.0,0.5176055942800057,0.0,0.0,0.05239586490217867,0.0,0.0,0.40640468734215573,0.0,0.0,0.6317697635002413,0.0,0.0,0.6712799272653803,0.0
2,76.744077,30.754541,0.0,0.9364091589985021,7.736670140223903,0.9364091589985021,7.736670140223903,0.9364091589985021,7.736670140223903,0.9364091589985021,7.736670140223903,0.9364091589985021,0.0,0.0,0.9489236036807189,0.0,0.9434881232612882,0.0,0.6813267708110422,0.0,0.45303659319494977,0.0,0.0,,0.0,0.3051829659747486,0.0,0.46823881874598755,0.0,0.5937684570939439,0.0,0.09250588487053285,0.0,0.10759683286967686,0.0,0.0,0.32806334260646264,0.0,0.682276909907982,0.0,0.18599614808474213,0.0,0.8009758185319923,0.0,0.0,0.5140166916327841,0.0,0.7378985662315429,0.0,0.0,0.37762465225765035,0.0,0.0,0.3357928525572437,0.0,0.0,0.8159982880376632,0.0,0.0,0.8316627434196447,0.0
2,76.713972,30.720256,0.16748258225906976,1.0,16.748258225906977,1.0,16.748258225906977,1.0,16.748258225906977,1.0,16.748258225906977,1.0,16.748258225906977,0.0,0.6291971313626027,38.13976760125309,0.6247612384117543,38.41056533300656,0.2503131012768935,95.8696618080693,0.08914465628826307,0.0,0.45409830330592965,52.84633787626711,0.0,0.18791673954871438,0.0,0.2907398985481896,0.0,0.1573552562532797,0.0,0.40964142032534545,0.0,0.35553612034283716,0.0,0.0,0.39103026062620255,0.0,0.20711562008046178,0.0,0.4822319398285814,0.0,0.5064124540843099,0.0,0.0,0.2734651040755641,0.0,0.456463179989505,0.0,0.0,0.45213923386391464,0.0,0.0,0.23843274444638798,0.0,0.0,0.5269476998425747,0.0,0.0,0.4202553786951198,0.0
2,76.756587,30.685461,0.07219840897917584,0.6666371171490626,10.830241389489268,0.6666371171490626,10.830241389489268,0.6666371171490626,10.830241389489268,0.6666371171490626,10.830241389489268,0.6666371171490626,10.830241389489268,0.0,0.039111741500819995,0.0,0.05348167191170604,276.87466076132546,0.468294845086654,31.620505591433698,0.7538495634058774,19.64280472698178,0.9643455520588625,15.355200981523554,0.0,0.6870351491511901,0.0,0.5963920039005364,0.0,0.6328620185275475,0.0,0.9080271264571605,0.0,0.8394663357120695,0.0,0.0,0.650121891760117,0.0,0.5480608129072293,0.0,1.0,0.0,0.23550374540135632,0.0,0.0,0.4798812109392314,0.0,0.2658747395948761,0.0,0.0,0.6718939763308364,0.0,0.0,0.6698107353397456,0.0,0.0,0.15213864633659857,0.0,0.0,0.1652763618633926,0.0
2,76.764892,30.731457,0.21921398735804432,0.9213808730132792,23.791896899392757,0.9213808730132792,23.791896899392757,0.9213808730132792,23.791896899392757,0.9213808730132792,23.791896899392757,0.9213808730132792,23.791896899392757,0.0,0.9349869821453859,23.69942798211594,0.9280804383585519,23.875793230553775,0.5850735862827761,37.87328152746386,0.7371482728193731,30.05997228050229,0.4079000403063281,0.0,0.0,0.6199331132825692,0.0,0.4465832216739109,0.0,0.6049108358660957,0.0,0.5415863263505343,0.0,0.5380894800483675,0.0,0.0,0.1684041962155626,0.0,0.597056548688955,0.0,0.43617983158491014,0.0,0.6355545388193513,0.0,0.0,0.5001579572317177,0.0,0.5798991252437443,0.0,0.0,0.21024652221750165,0.0,0.0,0.41940368421625973,0.0,0.0,0.7757878797782062,0.0,0.0,0.8141333594779785,0.0
2,76.736806,30.748459,0.011620539908100636,1.0,1.1620539908100636,1.0,1.1620539908100636,1.0,1.1620539908100636,1.0,1.1620539908100636,1.0,1.1620539908100636,0.0,0.6445635261294131,7.035578718374931,0.6403114604571306,7.0822993295157755,0.4393510569803627,10.321762870549996,0.2560360553707479,17.71187038681003,0.08430357334477949,0.0,0.0,0.14463730013949994,0.0,0.27239376542547483,0.0,0.3707479343277176,0.0,0.05233930679257431,0.0,0.0,,0.0,0.23183147333404872,0.0,0.44009550380942164,0.0,0.22847810923918874,0.0,0.5330977036162678,0.0,0.0,0.30826134778409703,0.0,0.48367582358622174,0.0,0.0,0.2930773151625711,0.0,0.0,0.16719873376971778,0.0,0.0,0.5448747183174161,0.0,0.0,0.5571413241764138,0.0
2,76.735225,30.752778,0.39692327620159606,1.0,39.69232762015961,1.0,39.69232762015961,1.0,39.69232762015961,1.0,39.69232762015961,1.0,39.69232762015961,0.0,0.6629460736613816,60.145301327080226,0.6589074812539353,60.5139454299228,0.45865053773698905,86.93566906234295,0.3076453416267577,0.0,0.06873239078310533,580.1208267262757,0.0,0.18634128967837543,0.0,0.3074927019137204,0.0,0.40076828655562124,0.0,0.0,,0.04963334668930822,0.0,0.0,0.26902749422831085,0.0,0.4665305629225417,0.0,0.21870726883033462,0.0,0.551328283502827,0.0,0.0,0.34151227795691746,0.0,0.5078577652274013,0.0,0.0,0.32629282656948605,0.0,0.0,0.20692221098624336,0.0,0.0,0.5700012083977282,0.0,0.0,0.5923883663098714,0.0
2,76.735379,30.734311,0.9963339160567419,1.0,99.63339160567419,1.0,99.63339160567419,1.0,99.63339160567419,1.0,99.63339160567419,1.0,99.63339160567419,0.0,0.5857602901405369,0.0,0.5808047648079538,171.57137415716514,0.33469336709968894,297.7336314688573,0.18820053463396336,529.4855926362849,0.27867404524066347,357.5843294953151,0.0,0.0,,0.15891291094123716,0.0,0.2680673451202927,0.0,0.22900936391064425,0.0,0.16856602416795635,0.0,0.0,0.25921149306695435,0.0,0.3432912817145805,0.0,0.3393362409917304,0.0,0.44859228688896186,0.0,0.0,0.22485891603745567,0.0,0.429293876721537,0.0,0.0,0.3070627960418328,0.0,0.0,0.06697775485000547,0.0,0.0,0.47153308633869534,0.0,0.0,0.4990464131063484,0.0
2,76.716595,30.726273,0.0,1.0,48.152235151255006,1.0,48.152235151255006,1.0,48.152235151255006,1.0,0.0,1.0,48.152235151255006,0.0,0.6063916844931302,0.0,0.5932120655248158,0.0,0.22818112644107216,0.0,0.0,,0.3799262056192842,0.0,0.0,0.1728425193459004,0.0,0.27833689862604627,0.0,0.14148708598337473,0.0,0.34723558209983774,0.0,0.274044190487129,0.0,0.0,0.3541555999023732,0.0,0.19254016338133317,0.0,0.453569839059337,0.0,0.5012634057398819,0.0,0.0,0.2606205045008829,0.0,0.44836546882402767,0.0,0.0,0.43593958623462015,0.0,0.0,0.21190759909838772,0.0,0.0,0.5138687493718863,0.0,0.0,0.5269981192482736,0.0
2,76.761523,30.688901,0.0,0.6455847991888198,76.14716879318219,0.6455847991888198,0.0,0.6455847991888198,76.14716879318219,0.6455847991888198,76.14716879318219,0.6455847991888198,76.14716879318219,0.0,0.03763170656438743,0.0,0.0,,0.4624079707269761,0.0,0.7286337786007141,0.0,0.9718555746594365,0.0,0.0,0.6551778865229467,0.0,0.602063219150906,0.0,0.6322884979940925,0.0,0.9134770532998281,0.0,0.8418022307454922,0.0,0.0,0.6561477758673897,0.0,0.5471674822554335,0.0,1.0,0.0,0.31293920557245514,0.0,0.0,0.4561389586915311,0.0,0.24328351628973238,0.0,0.0,0.6380196623021647,0.0,0.0,0.680518449940484,0.0,0.0,0.1478375876206851,0.0,0.0,0.21759026583785215,0.0
2,76.744586,30.725718,0.20052472670033672,1.0,20.052472670033673,1.0,20.052472670033673,1.0,20.052472670033673,1.0,20.052472670033673,1.0,20.052472670033673,0.2532009908390798,0.5440968996249269,46.536010591794195,0.5093252124840852,49.71302904958618,0.2788875124737621,90.78964798142447,0.3878565775437873,65.28211857139243,0.43274491586662533,58.51044843173107,0.0,0.19071091841299337,159.98786005370485,0.0943532569422938,0.0,0.29336567908881317,104.00477595245391,0.37515914799903655,81.32930221349652,0.30973641650321737,98.50773141315327,0.0,0.17566498055813634,0.0,0.27984240046798114,0.0,0.4643422456212794,0.0,0.3991345789890231,0.0,0.0,0.11074980214032554,0.0,0.3357420598052373,0.0,0.0,0.2086903410068477,0.0,0.0,0.17113141323423145,0.0,0.0,0.41424073500567776,0.0,0.0,0.42997488042393583,0.0
2,76.75884,30.716926,0.14249554290151323,0.9136635944700461,15.596062244787719,0.9136635944700461,15.596062244787719,0.9136635944700461,15.596062244787719,0.9136635944700461,15.596062244787719,0.9136635944700461,15.596062244787719,0.19111744000585187,0.6073963133640553,31.465031282022576,0.6000921658986176,31.84801449951609,0.33622119815668206,56.84276929998609,0.7073271889400922,27.019665438315105,0.7953225806451613,24.03017903135838,0.23310328125184276,0.4731336405529954,49.26795756467311,0.287926267281106,80.95936624783911,0.5666820276497696,41.134758096812135,0.6116013824884793,38.113596196168466,0.6307027649769585,36.95929274392173,0.23310328125184276,0.27876728110599075,83.61931153721517,0.4554608294930876,51.17965501254604,0.7310483870967742,31.8861631276652,0.3025576036866359,77.04426476528808,0.28061927821054544,0.33653225806451614,83.38555115769863,0.3195046082949309,87.82949319826685,0.0,0.35243087557603686,0.0,0.0,0.49783410138248846,0.0,0.0,0.4246198156682027,0.0,0.0,0.4457027649769585,0.0
2,76.754223,30.73939,0.11730818896239448,1.0,11.730818896239448,1.0,11.730818896239448,1.0,11.730818896239448,1.0,11.730818896239448,1.0,11.730818896239448,0.14617513832735538,0.9379316960859554,15.584838313637645,0.9183614735226401,15.916950192461636,0.6328344845228958,23.09847865474006,0.5256352860919247,27.809232407923208,0.25308049799607746,57.75835731507885,0.18273588602556964,0.272544128933231,67.04818289090242,0.32443293254881894,56.32470310271985,0.5238019101219409,34.88644895988042,0.400656604417157,45.6091036590796,0.31959367272107103,57.17756689915899,0.18273588602556964,0.1493028907649015,122.39273137270537,0.6340176515732924,28.82189250916232,0.29223160228532447,62.531185743269766,0.7818176004093118,23.373212105982304,0.18273588602556964,0.42449049202694633,43.04828717199388,0.7032808902532617,25.98334300819176,0.0,0.22867101560501407,0.0,0.0,0.19929436343480855,0.0,0.0,0.8005350899633324,0.0,0.0,0.8200306983883345,0.0
2,76.745047,30.737274,0.08011484638467514,1.0,8.011484638467515,1.0,8.011484638467515,1.0,8.011484638467515,1.0,8.011484638467515,1.0,8.011484638467515,0.1165581841125928,0.7977579585139829,14.610720315433845,0.7919466163139224,14.717934480875403,0.5033318973024006,23.15732119050761,0.3793504862645169,30.725724187240946,0.28110763815686957,41.46389791356312,0.12575566588292772,0.17944581427536963,70.080021866628,0.2522342502543608,49.85669700134372,0.4236780113110351,29.681895808986553,0.28922885138913074,43.47964087225,0.21833780947230444,57.59683409248432,0.21249451818374004,0.1669065143862801,127.31349580038162,0.5184560528703813,40.98602321398022,0.31389497419727397,67.69605621343698,0.5137904800315316,41.35820464612329,0.27397992108578545,0.3382769462038369,80.99278539681869,0.5780177273435566,47.39991666777028,0.0,0.2808143212003996,0.0,0.0,0.1126245451295636,0.0,0.0,0.6638037709561215,0.0,0.0,0.6960686361678139,0.0
2,76.752629,30.749529,0.2001502442448101,0.9355778484908915,21.393221800586346,0.9355778484908915,21.393221800586346,0.9355778484908915,21.393221800586346,0.9355778484908915,21.393221800586346,0.9355778484908915,21.393221800586346,0.25426115088271484,0.948254185705739,26.813607017561512,0.9427570599915029,26.969954580346126,0.6697476004265909,37.96372703997223,0.4459608264763771,57.01423438728497,0.10571995872820442,240.5043985463475,0.0,0.2688129156442649,94.58665714529609,0.3998855488021642,63.583480734510296,0.5287125107297999,48.090625003699934,0.21548039156182533,0.0,0.21269714652354488,119.54140195979026,0.0,0.31404715042529024,0.0,0.6183659490345348,0.0,0.1547432218012191,0.0,0.7960947864011169,0.0,0.0,0.44792904025734187,0.0,0.6747071523328103,0.0,0.0,0.3695733224662499,0.0,0.0,0.3272003676311203,0.0,0.0,0.8215428368290083,0.0,0.0,0.8520631562518968,0.0
2,76.755728,30.720117,0.33945019254280606,1.0,33.94501925428061,1.0,33.94501925428061,1.0,33.94501925428061,1.0,33.94501925428061,1.0,33.94501925428061,0.33945019254280606,0.5212556458897922,65.12163373566129,0.5155284552845528,65.84509333348865,0.23109304426377594,146.88897003552748,0.5220776874435411,65.01909595198227,0.5927280939476062,57.26912491730341,0.38518904918617736,0.3497109304426378,110.14498422987066,0.20448057813911472,188.37439364247143,0.41141824751580847,93.62468765349955,0.5335140018066847,72.1984892396035,0.6093224932249323,63.215957636407865,0.4126835510995909,0.26807588075880756,153.94281273326834,0.3242095754290876,127.28913097443497,0.625040650406504,66.02507386218741,0.36272809394760613,113.77214998935277,0.46940787529537364,0.23095754290876241,203.24422808776106,0.2970822041553749,158.00605648188605,0.46940787529537364,0.25515808491418246,183.96747077532348,0.5102265871016561,0.4364408310749774,116.90624496450995,0.0,0.38924119241192406,0.0,0.0,0.4210478771454381,0.0
2,76.761706,30.696475,0.08162998203058958,0.7337682941339785,11.12476277363993,0.7337682941339785,11.12476277363993,0.7337682941339785,11.12476277363993,0.7337682941339785,11.12476277363993,0.7337682941339785,11.12476277363993,0.15489879553444408,0.20828540832110418,74.36852959744718,0.2019890532661722,76.68672783486208,0.38237218895014474,40.509953393770594,0.7017709118311981,22.072558569042396,0.937214928806568,16.527563824841042,0.15489879553444408,0.6527981596795304,23.72843630724794,0.5930670685757347,26.118259424931043,0.6270574703525958,24.702487867235536,0.8742117161781621,17.718682175940557,0.7975350017847935,19.422194033841524,0.23734773111800378,0.5857394994645619,40.521039017339426,0.4715920358545195,50.32903719163373,0.9770852338079562,24.291404977332196,0.0666818704636497,355.9404219882962,0.2835837489672196,0.42896521635664137,66.10879813887946,0.18959465355173916,149.5737056160349,0.2835837489672196,0.6101019315432514,46.48137209628155,0.3534969306646139,0.607771784396938,58.16277420896916,0.0,0.15985800975687145,0.0,0.0,0.20774997025344066,0.0
2,76.756212,30.681968,0.4303058948994627,0.6306659112118383,68.23040333234762,0.6306659112118383,68.23040333234762,0.6306659112118383,68.23040333234762,0.6306659112118383,68.23040333234762,0.6306659112118383,68.23040333234762,0.0,0.0976619784028796,0.0,0.12127549660045327,354.81684838374383,0.4919844020797227,87.46332060131746,0.744700706572457,57.78239379951431,0.9734118784162111,44.205942462875164,0.0,0.6741517797626982,0.0,0.6239584722037061,0.0,0.4425076656445807,0.0,0.9182442341021196,0.0,0.8505115984535395,0.0,0.0,0.6750599920010665,0.0,0.3620683908812158,0.0,1.0,0.0,0.35072823623516863,0.0,0.0,0.4860601919744034,0.0,0.2849120117317691,0.0,0.0,0.6579289428076256,0.0,0.0,0.6980902546327157,0.0,0.0,0.20328956139181442,0.0,0.0,0.16023696840421275,0.0
2,76.737422,30.69957,0.8017280830697918,1.0,80.17280830697918,1.0,80.17280830697918,1.0,80.17280830697918,1.0,80.17280830697918,1.0,80.17280830697918,0.0,0.33018308997783047,0.0,0.3456731136763245,231.9324388707015,0.24056838162220015,333.2641129576467,0.6685459827230334,119.92115782437261,0.895439951074077,89.53454467919616,0.0,0.5289924317712713,0.0,0.47143758122467705,0.0,0.24801238437428333,0.0,0.8347316718905282,0.0,0.7608267716535433,0.0,0.0,0.556723492087761,0.0,0.15576026297683665,0.0,0.9338735570675025,0.0,0.32588296001834727,0.0,0.0,0.31328835715923864,0.0,0.2489393012766608,0.0,0.0,0.5802022016665392,0.0,0.0,0.5779565782432536,0.0,0.0,0.24296689855515635,0.0,0.0,0.20118874703768827,0.0
2,76.756494,30.708804,0.702464970544104,1.0,70.2464970544104,1.0,70.2464970544104,1.0,70.2464970544104,1.0,70.2464970544104,1.0,70.2464970544104,0.7075158628731633,0.4368252146561251,161.96772510719867,0.430087987758225,164.5049113231442,0.27729958343959876,255.1449425553407,0.6195910907081528,114.19077412241647,0.8719183031539574,81.14474261107867,0.7189492431641764,0.5046969310550029,142.45167721969443,0.38426634361982487,187.0965946149765,0.47711043101249684,150.68822570876577,0.8160014452095554,88.10636885324936,0.7222222222222222,99.54681828427059,0.7274686885498598,0.375828870186177,193.56381221844092,0.3745111791209726,194.24485278579007,0.7929949842727195,91.73685874155233,0.2503400493071496,290.5922126975804,0.7322335885878021,0.2648133979427017,276.5092681399138,0.1774844852503613,412.56202622719746,0.7403542783812701,0.3546076681118762,208.7812376769285,0.7403542783812701,0.5188621100059508,142.68805991109642,0.0,0.28152894669727113,0.0,0.0,0.2938876137039871,0.0
2,76.736815,30.711349,0.0,1.0,60.00205481193037,1.0,60.00205481193037,1.0,0.0,1.0,60.00205481193037,1.0,60.00205481193037,0.0,0.50038180532642,0.0,0.49440490219184535,0.0,0.0,,0.29966533113363186,0.0,0.7503747348574122,0.0,0.0,0.4036766438840443,0.0,0.3468866368135753,0.0,0.1804949328305444,0.0,0.6798491633278341,0.0,0.6175724723073297,0.0,0.0,0.4047042187131746,0.0,0.0874192788121612,0.0,0.7723497525335848,0.0,0.35462644355408907,0.0,0.0,0.19086495404195145,0.0,0.28516615602168277,0.0,0.0,0.4393683714353052,0.0,0.0,0.4371623851048786,0.0,0.0,0.37118076832429886,0.0,0.0,0.3884232854112656,0.0
2,76.723448,30.733899,0.29166257870930323,1.0,29.166257870930323,1.0,29.166257870930323,1.0,29.166257870930323,1.0,29.166257870930323,1.0,29.166257870930323,0.0,0.6028193925041032,48.38307830438915,0.5980679442117017,48.76746555840513,0.36209183635232667,80.54933843509977,0.12254839507468168,0.0,0.2914796189848089,100.06276930274973,0.0,0.17464195513853398,0.0,0.2847796272286466,0.0,0.2547720578867297,0.0,0.2703454168009413,0.0,0.18590603523865912,0.0,0.0,0.36393545824496193,0.0,0.30807221601852613,0.0,0.3802507625549902,0.0,0.5175181551790037,0.0,0.0,0.2662834531187937,0.0,0.46229193677725905,0.0,0.0,0.41316615829667325,0.0,0.0,0.18425726769239995,0.0,0.0,0.5306783179573269,0.0,0.0,0.5443855717850906,0.0
2,76.749401,30.722265,0.5553635509376312,1.0,55.53635509376312,1.0,55.53635509376312,1.0,55.53635509376312,1.0,55.53635509376312,1.0,55.53635509376312,0.0,0.6555381313965005,85.47785068717123,0.6489971937933312,86.33934175854226,0.3241478210630572,0.0,0.46816193463189176,119.68933475831591,0.533478458237042,105.03515118572896,0.0,0.3577707164080555,0.0,0.15378425222845823,0.0,0.3429349620336745,0.0,0.4679349620336746,0.0,0.38814377682403434,0.0,0.0,0.16638123142951472,0.0,0.33549645097391884,0.0,0.5729923241994057,0.0,0.4744758996368439,0.0,0.0,0.1248761967646088,0.0,0.39471566523605156,0.0,0.0,0.19171962693958403,0.0,0.0,0.26915855067679106,0.0,0.0,0.5047664245625619,0.0,0.0,0.5410820402773193,0.0
2,76.730074,30.734448,0.19954245092914513,1.0,19.954245092914512,1.0,19.954245092914512,1.0,19.954245092914512,1.0,19.954245092914512,1.0,19.954245092914512,0.0,0.5828761678381122,43.17741916439428,0.57787817490614,43.550855028864326,0.33004856317541775,76.25268347647959,0.1825329985596335,0.0,0.29011184484970604,86.74960732030762,0.0,0.05198699734752186,0.0,0.2124973435864338,0.0,0.2629573950618256,0.0,0.24010830296495106,0.0,0.17923511031003295,0.0,0.0,0.3149443924093474,0.0,0.3387143745425065,0.0,0.35056788218904217,0.0,0.444742662395416,0.0,0.0,0.19002605253008636,0.0,0.3958882653422641,0.0,0.0,0.3836884400752454,0.0,0.0,0.10650841000857923,0.0,0.0,0.46785149270765286,0.0,0.0,0.4955569023463019,0.0
2,76.744236,30.729776,0.9747931621467831,1.0,97.4793162146783,1.0,97.4793162146783,1.0,97.4793162146783,1.0,97.4793162146783,1.0,97.4793162146783,0.0,0.6778565737835525,143.8052236781945,0.6716206513293138,0.0,0.3619195625018442,269.339727150509,0.3813748536918825,255.5997472592492,0.5380401105548397,181.1748126253177,0.0,0.19997245964846708,0.0,0.0,,0.37983062683807256,0.0,0.47554318425478764,0.0,0.39948263482477453,0.0,0.0,0.2041133482182376,0.0,0.37274882215817995,0.0,0.575711377115935,0.0,0.5052474205510038,0.0,0.0,0.1823859780267338,0.0,0.4396423688636655,0.0,0.0,0.22827017084853793,0.0,0.0,0.17758608818813995,0.0,0.0,0.5341254463012324,0.0,0.0,0.5687476025140407,0.0
2,76.729602,30.744926,0.5177116433847114,1.0,51.771164338471145,1.0,51.771164338471145,1.0,51.771164338471145,1.0,51.771164338471145,1.0,51.771164338471145,0.0,0.6337703082781068,82.8164488600654,0.6293890413041525,83.39294598422718,0.41179763245731027,127.45728043976268,0.2784523208967085,0.0,0.2333473847153213,224.92905325926077,0.0,0.12670430594235246,0.0,0.299764351413546,0.0,0.3470875631448375,0.0,0.13525952441830733,0.0,0.07234618919609971,0.0,0.0,0.28500348981044454,0.0,0.4185422958115364,0.0,0.28154823194455,0.0,0.5124907571852088,0.0,0.0,0.2827022880717588,0.0,0.4634468270367017,0.0,0.0,0.34566399690408894,0.0,0.0,0.15301954984900523,0.0,0.0,0.5327800313737414,0.0,0.0,0.5391377058469873,0.0
2,76.76223,30.718974,0.9866625932671464,0.8502376506535393,116.04550710130792,0.8502376506535393,116.04550710130792,0.8502376506535393,116.04550710130792,0.8502376506535393,116.04550710130792,0.8502376506535393,116.04550710130792,0.0,0.7088036835851298,139.38695361514635,0.7020773213376337,0.0,0.36800840264810725,268.4666585197427,0.7097585299609573,139.1994347310769,0.5716346969954167,172.83413110754108,0.0,0.5148213376336784,0.0,0.3442539466983534,0.0,0.6009590901374978,0.0,0.6423357664233575,0.0,0.5263537599728398,0.0,0.0,0.32382023425564416,0.0,0.4985359022237311,0.0,0.5998132744865049,0.0,0.40213885588185366,0.0,0.0,0.38901502291631296,0.0,0.3569534034968596,0.0,0.0,0.1649868443388219,0.0,0.0,0.4039955016126294,0.0,0.0,0.45375360719741975,0.0,0.0,0.4731688168392463,0.0
2,76.724986,30.715899,0.24710323401014644,1.0,24.710323401014644,1.0,24.710323401014644,1.0,24.710323401014644,1.0,24.710323401014644,1.0,24.710323401014644,0.0,0.5771854381247955,54.145996874443625,0.5721272368977429,54.62470393498381,0.1527512944686894,0.0,0.15725101921956902,198.741356868677,0.5534262531813213,56.470542821249644,0.0,0.2736215603832744,0.0,0.3080955154338963,0.0,0.0,,0.5027405238509346,0.0,0.441036851469192,0.0,0.0,0.3656664618919587,0.0,0.11031506051491531,0.0,0.5855147158551471,0.0,0.43716740731285053,0.0,0.0,0.1928100142810413,0.0,0.3894336250708068,0.0,0.0,0.3852610079702571,0.0,0.0,0.2883573611188677,0.0,0.0,0.3814234767554112,0.0,0.0,0.3465346534653465,0.0
2,76.752876,30.717853,0.33689579177110685,1.0,33.68957917711069,1.0,33.68957917711069,1.0,33.68957917711069,1.0,33.68957917711069,1.0,33.68957917711069,0.0,0.5005607335714487,76.21379299072167,0.49458585820508716,77.13449847949126,0.19784942183185533,0.0,0.5014089019988502,76.08487199891329,0.7251840054282779,52.60683060041821,0.0,0.41382137572918926,0.0,0.20351330210816973,0.0,0.3727982961238703,0.0,0.6653127385473702,0.0,0.5924267983526684,0.0,0.0,0.27855735974592644,0.0,0.2826379922910914,0.0,0.6509692680306471,0.0,0.3351678902281573,0.0,0.0,0.2010913100432566,0.0,0.27006625137827367,0.0,0.0,0.26509032993751824,0.0,0.0,0.4120779184061973,0.0,0.0,0.3628370291487216,0.0,0.0,0.3960098387537579,0.0
2,76.733378,30.717856,0.12518579220255044,1.0,12.518579220255043,1.0,12.518579220255043,1.0,12.518579220255043,1.0,12.518579220255043,1.0,12.518579220255043,0.0,0.5174116424116424,39.048132110171736,0.5009588500967811,40.330574386154694,0.11282170764929385,0.0,0.26363897053552227,76.63494561214159,0.5910907591942075,34.18080532298185,0.0,0.2692307692307692,0.0,0.21525736611943505,0.0,0.1526901570005018,0.0,0.5317585489999282,0.0,0.4589038640762778,0.0,0.0,0.2702165029751237,0.0,0.13860312567209118,0.0,0.6196859989963438,0.0,0.3861746361746361,0.0,0.0,0.08575883575883575,0.0,0.3201394365187468,0.0,0.0,0.3046186106530934,0.0,0.0,0.29498530360599323,0.0,0.0,0.40190157000501825,0.0,0.0,0.4183005950247329,0.0
2,76.720504,30.729951,0.07857849715502074,1.0,7.857849715502074,1.0,7.857849715502074,1.0,7.857849715502074,1.0,7.857849715502074,1.0,7.857849715502074,0.0,0.6060961922954,18.87176946011647,0.6013839441665491,19.01964248065377,0.36735467471366035,31.136415020630405,0.047115048720483416,0.0,0.35896330541165283,31.864280942410502,0.0,0.15080680525928514,0.0,0.2600432575459147,0.0,0.19676237336762228,0.0,0.3067346498888831,0.0,0.25426071962123636,0.0,0.0,0.33854604104264063,0.0,0.24962279717265112,0.0,0.4157332599986621,0.0,0.47566205599696754,0.0,0.0,0.2416922470882915,0.0,0.4360910638234617,0.0,0.0,0.4180076258147953,0.0,0.0,0.19098726801097046,0.0,0.0,0.4974766431549765,0.0,0.0,0.5236392826085341,0.0
2,76.761229,30.756097,0.6894649691372657,0.9469237435008665,72.81103403197481,0.9469237435008665,72.81103403197481,0.9469237435008665,72.81103403197481,0.9469237435008665,72.81103403197481,0.9469237435008665,72.81103403197481,0.7098589431764677,0.9502816291161178,74.69984912122592,0.9449990001333155,75.1174279630269,0.6826339821357152,103.98822234949033,0.5264714704706039,134.83331633183025,0.1810508598853486,392.0770901756498,0.0,0.3617351019864018,196.23722975138654,0.48770163978136244,145.55188772682797,0.6114934675376617,116.08610408135681,0.28652846287161715,0.0,0.28385381949073457,250.07905282022762,0.0,0.349145113984802,0.0,0.697648646847087,0.0,0.0,,0.8040511265164644,0.0,0.0,0.5338621517131049,0.0,0.7517914278096254,0.0,0.0,0.39819690707905614,0.0,0.0,0.35747733635515266,0.0,0.0,0.8285145313958139,0.0,0.0,0.857843954139448,0.0
2,76.736267,30.703417,0.8948166560605276,1.0,89.48166560605276,1.0,89.48166560605276,1.0,89.48166560605276,1.0,89.48166560605276,1.0,89.48166560605276,0.0,0.5202458652810341,0.0,0.5145065947296478,174.48336573277652,0.1339042428960685,670.4256743366744,0.2910371423139942,308.45836935577256,0.7602994559461196,118.0756366955766,0.0,0.47149827550309137,0.0,0.4169661527877104,0.0,0.20531018313161395,0.0,0.7027890682285207,0.0,0.6327772094833751,0.0,0.0,0.4394253487466845,0.0,0.11791756814252219,0.0,0.7967085192863026,0.0,0.36138394271592417,0.0,0.0,0.26714765495577864,0.0,0.27014402491241724,0.0,0.0,0.4616672852526093,0.0,0.0,0.459539953108168,0.0,0.0,0.28240107905528344,0.0,0.0,0.24281459621425402,0.0
2,76.739592,30.718233,0.742706521199981,1.0,74.2706521199981,1.0,74.2706521199981,1.0,74.2706521199981,1.0,74.2706521199981,1.0,74.2706521199981,0.7579627599322936,0.4970103640712198,152.50441735731698,0.4909931285828177,154.37339461756747,0.1921529175050302,394.4581064778533,0.3445768953342698,219.96911870629145,0.5699290080103261,132.99248665696283,0.7809902638461826,0.2730344330131734,286.0409418794813,0.17598990167419612,443.76993021565653,0.2293667666375612,340.4984406831183,0.5096332713260696,153.24554101698268,0.43623059109373225,179.03152135389158,0.0,0.2335142933070119,0.0,0.22253331308606353,357.745108682511,0.6081014388216089,130.91599393305708,0.33045442466117464,240.91129769885788,0.0,0.0,,0.3506131126380927,0.0,0.0,0.25683345355149767,0.0,0.0,0.2546030902395505,0.0,0.0,0.358310238791238,0.0,0.0,0.39172772483960366,0.0
2,76.760024,30.686268,0.0,0.6206805846609791,0.0,0.6206805846609791,110.45379929250291,0.6206805846609791,110.45379929250291,0.6206805846609791,110.45379929250291,0.6206805846609791,110.45379929250291,0.0,0.0,,0.03742251137668897,0.0,0.46539645240203775,0.0,0.7406816368403055,0.0,0.9720207980780191,0.0,0.0,0.6570947575165061,0.0,0.6042753553297266,0.0,0.6343326114214066,0.0,0.9139668037422513,0.0,0.8426816543766277,0.0,0.0,0.6580592552324002,0.0,0.5496847846101238,0.0,1.0,0.0,0.3167585862217117,0.0,0.0,0.4591622898929408,0.0,0.24749888205946566,0.0,0.0,0.6400319161062351,0.0,0.0,0.6822944523845014,0.0,0.0,0.13312698927653904,0.0,0.0,0.20215872125139195,0.0
2,76.746865,30.707631,0.8601223971892046,1.0,86.01223971892045,1.0,86.01223971892045,1.0,86.01223971892045,1.0,86.01223971892045,1.0,86.01223971892045,0.0,0.4428289072520449,0.0,0.4361635021762443,199.5529204215686,0.14599760297735445,596.1584222315558,0.5429887087617487,160.2937579292444,0.7926260013877501,109.80929276629946,0.0,0.4161778002060599,0.0,0.35284593872873693,0.0,0.34489791627241956,0.0,0.7241636703883598,0.0,0.6445257469669253,0.0,0.0,0.4173237452427511,0.0,0.2434029310961122,0.0,0.8273197502050086,0.0,0.3237767825227612,0.0,0.0,0.1788515317815766,0.0,0.2840051304695221,0.0,0.0,0.4457936457873379,0.0,0.0,0.44332303034126036,0.0,0.0,0.22404802455896886,0.0,0.0,0.243276772009504,0.0
2,76.752546,30.683652,0.8717835665922017,0.6980586140878259,124.88687181826235,0.6980586140878259,124.88687181826235,0.6980586140878259,124.88687181826235,0.6980586140878259,124.88687181826235,0.6980586140878259,124.88687181826235,0.0,0.11021111813779423,0.0,0.13840063066887284,633.1033445809298,0.365727305016763,239.58260968389357,0.759453535817314,115.37493478686075,0.9651572773816847,90.78510230610024,0.0,0.6594388086595688,0.0,0.6072526920378055,0.0,0.5323261112506823,0.0,0.9101210225845295,0.0,0.8431211178779032,0.0,0.0,0.6580873753605988,0.0,0.44945552831512653,0.0,1.0,0.0,0.25290861365467415,0.0,0.0,0.46387947987144057,0.0,0.2547451768558385,0.0,0.0,0.6793637867854081,0.0,0.0,0.6773366368369531,0.0,0.0,0.17144144222189497,0.0,0.0,0.12422790709762374,0.0
2,76.761424,30.727588,0.4552201490818012,0.924111045481394,49.26032983889559,0.924111045481394,49.26032983889559,0.924111045481394,49.26032983889559,0.924111045481394,49.26032983889559,0.924111045481394,49.26032983889559,0.5070729373383068,0.8623154164205552,58.803649764624524,0.8548257531010042,59.31886533586831,0.5505729474305966,92.09913776270795,0.717412876550502,70.68076890066966,0.5211577082102776,97.29740716675961,0.5378246517809999,0.46408741878322507,115.88865158014927,0.2741642055522741,196.16880719261303,0.5704548139397518,94.27997426590248,0.6060720614294152,88.73939024883371,0.5162315416420554,104.18283432861541,0.5705810845287729,0.10067336089781453,566.7647125717041,0.5518960425280567,103.38560898446129,0.5645599527466036,101.06651769274038,0.5233668044890727,109.02125997192203,0.0,0.31968103957471944,184.38833550463542,0.6286473715298287,0.0,0.0,0.0,,0.0,0.37526284701712936,0.0,0.0,0.7364441819255759,0.0,0.0,0.7580507974010632,0.0
2,76.755438,30.729956,0.8005866991090829,1.0,80.05866991090829,1.0,80.05866991090829,1.0,80.05866991090829,1.0,80.05866991090829,1.0,80.05866991090829,0.8176242742791651,0.8621200634089187,94.83879438395016,0.8548372274680084,95.6467790600245,0.49313070048475655,165.8027523890574,0.5667286971305168,144.27084395390472,0.44025547361407863,185.71586800891936,0.0,0.3809474578996945,216.60898082370835,0.23838077515105566,0.0,0.5264893054885473,156.72994634993654,0.4859053001585223,169.82041680984966,0.39707537850070074,207.81102297152316,0.0,0.0,,0.5084315482344293,0.0,0.48134491235325205,0.0,0.5494290899901211,0.0,0.0,0.28262917269740623,0.0,0.5830748730672916,0.0,0.0,0.09789326165368623,0.0,0.0,0.2645943896891585,0.0,0.0,0.6942472488340571,0.0,0.0,0.7346819215659246,0.0
2,76.721468,30.736991,0.5475923761537362,1.0,54.75923761537362,1.0,54.75923761537362,1.0,54.75923761537362,1.0,54.75923761537362,1.0,54.75923761537362,0.0,0.6085835832139324,90.40254193842722,0.6039010915966263,91.10349967919016,0.37134965065953707,148.155526218543,0.12701812434452503,0.0,0.3017622121449357,182.32071707544034,0.0,0.15568176782522639,0.0,0.26422103723836393,0.0,0.31479785521204157,0.0,0.25484128273682033,0.0,0.19772079351245958,0.0,0.0,0.35717662003870077,0.0,0.3911653052482312,0.0,0.35849126279561,0.0,0.4789731015229176,0.0,0.0,0.2459859082113473,0.0,0.43915715150888496,0.0,0.0,0.4216827427288439,0.0,0.0,0.19609595414998746,0.0,0.0,0.5006573213784546,0.0,0.0,0.5266547511780085,0.0
2,76.7537,30.695318,0.6181557343181191,0.8394026248302912,73.64233992514578,0.8394026248302912,73.64233992514578,0.8394026248302912,73.64233992514578,0.8394026248302912,73.64233992514578,0.8394026248302912,73.64233992514578,0.6330889585365724,0.15269271383315733,414.6163511301066,0.1686227183587268,375.4470125370315,0.3959672147634133,159.88418609728512,0.7199175340674813,87.93909421259214,0.9587066928144014,66.03572951786349,0.6330889585365724,0.6066978428118871,104.34996036945992,0.5461256096947754,115.92368995301283,0.4807965002262785,131.67503470566447,0.9013224719666113,70.2400060164066,0.817046311660884,77.48507636606732,0.6442989828381656,0.6078040931261628,106.00438366979333,0.3837079499170312,167.9138998755386,1.0,64.42989828381656,0.22404585910393726,287.57459986764064,0.6584794672865084,0.37967516468044454,173.43232545660996,0.13690350480213204,480.980723056152,0.6633375753037293,0.6269422235631317,105.80521623408136,0.0,0.6245788706189973,0.0,0.0,0.0,,0.0,0.09938150550610952,0.0
2,76.7473,30.693785,0.08786649914483335,0.900461366616483,9.757942139705003,0.900461366616483,9.757942139705003,0.900461366616483,9.757942139705003,0.900461366616483,9.757942139705003,0.900461366616483,9.757942139705003,0.11747306008032467,0.2239424991501141,52.45679606423416,0.23969695498033122,49.008991411661505,0.4001942596279928,29.3540092727776,0.7130688164732164,16.474294958141265,0.943703559807683,12.448089112248816,0.1468613760121896,0.6201447234228546,23.681790792574404,0.5616434364528191,26.148507483631334,0.4218833470933903,34.81089666705417,0.9046962265067262,16.23322522071973,0.8068767908309457,18.201214569692528,0.21703036964376332,0.6212131513768151,34.936538153249295,0.3281142246612598,66.14476098005876,1.0,21.70303696437633,0.21010150065562624,103.29786744336208,0.2672051239173173,0.4008935942887669,66.65238051293164,0.16641251032004273,160.56793050199852,0.3045353164444475,0.6232723034335389,48.860717019959935,0.34176424556192325,0.6209897528046233,55.03540823634969,0.0,0.09598368219124861,0.0,0.0,0.0,
