Ward,x,y,fill_ratio_0,distance_from_0_0_0,fill_per_m_0_0_0_0,distance_from_0_1_0,fill_per_m_0_0_1_0,fill_per_m_0_0_1_1,fill_ratio_1,distance_from_78_0_0,fill_per_m_1_78_0_0,distance_from_91_1_0,fill_per_m_1_91_1_0,fill_per_m_1_91_1_1,fill_ratio_2,distance_from_37_0_0,fill_per_m_2_37_0_0,distance_from_222_1_0,fill_per_m_2_222_1_0,fill_per_m_2_222_1_1,fill_ratio_3,distance_from_289_0_0,fill_per_m_3_289_0_0,distance_from_25_1_0,fill_per_m_3_25_1_0,fill_per_m_3_25_1_1,fill_ratio_4,distance_from_277_1_0,fill_per_m_4_277_1_0,fill_per_m_4_277_1_1
1,76.700597,30.661634,0.7952673118598902,1.0,79.52673118598902,1.0,79.52673118598902,,0.7952673118598902,0.4078255216029316,195.00184999068816,0.24089288177000215,330.13317206242294,,0.8144472789460458,0.34159491958416244,238.42488053906249,0.10996841158198212,740.6192989692048,,0.8233646936585425,0.27453684549257573,299.91045179427783,0.07478114677121711,1101.0324516385344,,0.0,0.1102048321742157,755.7979823811763,0.0
1,76.708249,30.663889,0.8098744458546349,1.0,80.98744458546349,1.0,80.98744458546349,,0.8231195582481768,0.4064339033927091,202.5223662143296,0.23910896954856037,344.2445341143969,,0.8283750602795256,0.3403504614452914,243.38884594480862,0.0884974393406796,936.044100768401,,0.8283750602795256,0.237002514580618,349.5216334499051,0.09213107416038022,899.1266712439543,,0.0,0.1588925313006043,530.7505996113802,0.0
1,76.690413,30.677268,0.3838912213732114,1.0,38.38912213732114,1.0,38.38912213732114,,0.4090736924670395,0.29445247895576077,138.92689710671436,0.29733872263630856,137.57834460310107,,0.4604901239413259,0.29290738062570304,157.21356114606462,0.1816355792882659,253.52418603543643,,0.4604901239413259,0.3050703946799174,150.94552994054905,0.22832845082261036,201.67881938597446,,0.4703155653534533,0.10307659979481093,456.27772577838743,
1,76.685268,30.686947,0.8772005408131083,1.0,87.72005408131082,1.0,87.72005408131082,,0.8821229745323957,0.25254443745273386,349.2941612295434,0.35030971995312354,251.81230330989285,,0.8821229745323957,0.28127651959058086,313.6141530108493,0.24286893621443129,363.2094693878681,,0.8821229745323957,0.31471357398929695,280.2939076794939,0.2864779674519833,307.9200059879819,,0.8915735066990069,0.19946195900035216,446.9892460533955,
1,76.698191,30.688447,0.5744731131799119,1.0,57.44731131799119,1.0,57.44731131799119,,0.5922995174136495,0.21713634995222453,272.77768901612757,0.2582429089385987,229.35751453856105,,0.5922995174136495,0.18521184832262202,319.79569491791807,0.18381130643071245,322.2323636750367,,0.5922995174136495,0.2358080603149256,251.17865632863592,0.22686160813623216,261.08406895271986,,0.6287812356638677,0.19271849107972616,326.26928124076363,
1,76.691224,30.694111,0.6459172413316012,1.0,64.59172413316013,1.0,64.59172413316013,,0.6478562565459319,0.22437929051284247,288.7326433135555,0.31774574466783323,203.89140292758015,,0.6678560925023006,0.2721882992131765,245.36546737420156,0.21293792293290587,313.6388686916675,,0.6956569802533371,0.29925600518838485,232.46216222642337,0.28407630841521764,244.88384270205887,,0.7152438181731079,0.22126503591488111,323.25207424468834,
1,76.680626,30.706793,0.9398321236134751,1.0,93.98321236134751,1.0,93.98321236134751,,0.9407341449371658,0.28200555442062314,333.58709791014303,0.37863370086739506,248.4549428067496,,0.9463658078658492,0.3126100807765146,302.7304191583021,0.29049730284843495,325.7743870894421,,0.9463658078658492,0.3601042420093089,262.80329345339544,0.33220514915772675,284.87391308210186,,0.9507360565364904,0.3035165114263156,313.2403084328741,
1,76.711141,30.68668,0.5334610919763215,1.0,53.34610919763215,1.0,53.34610919763215,,0.5528049205687096,0.17740789309811794,311.6010854505628,0.167034190726672,330.95315286275564,,0.5740936603111819,0.16183268741895546,354.7451812531282,0.19124682232104265,300.18467932892554,,0.6030612869685377,0.14223547425255864,423.9879609060954,0.294580912680679,204.71838500352754,,0.6417971568422342,0.208521674151459,307.7843871405267,
1,76.681708,30.687691,0.4811401018548175,1.0,48.114010185481746,1.0,48.114010185481746,,0.49103412298692617,0.2587860156513874,189.74523092020627,0.3557398915737831,138.03178519412182,,0.502890965324575,0.2872836771028332,175.05030929570188,0.25246592359787273,199.19162085635716,,0.502890965324575,0.3381192001419731,148.73185702362235,0.3044349414074799,165.18832003960603,,0.5460535760244523,0.17906355012852002,304.94959785647666,
1,76.699339,30.676933,0.11203890216805235,1.0,11.203890216805235,1.0,11.203890216805235,,0.11301528897676798,0.3096566282201444,36.49697073379677,0.2440460828883198,46.30899526811334,,0.11301528897676798,0.24292114161687148,46.52344716665813,0.05909912056061779,191.2300689159131,,0.13605946940406743,0.22704623508625651,59.92588661616761,0.08105532725865047,167.85999638234358,,0.0,0.0500201827698701,284.47913362273005,0.0
1,76.67732,30.699459,0.7602278598896866,1.0,76.02278598896865,1.0,76.02278598896865,,0.7602278598896866,0.3007834133594292,252.74926279968497,0.39488442367768756,192.5190800916978,,0.7823923052972128,0.33058753313510525,236.66721424049072,0.29547104274092517,264.7949179856619,,0.8015607308212501,0.36428452368790365,220.03699819758953,0.32964119990751745,243.16157417402079,,0.816078339824846,0.30278899457471464,269.52047612267984,
1,76.69194,30.709532,0.8306194077877291,1.0,83.06194077877291,1.0,83.06194077877291,,0.8405490033996796,0.21583540626472675,389.4398133959209,0.3202335999809111,262.4799532122126,,0.851626007860926,0.24890089896621867,342.1546532768893,0.36713851953924254,231.96313177100387,,0.854011266616181,0.3029343164098618,281.9130155794985,0.42408895410917635,201.3755034978644,,0.8636276579977256,0.3752572522772419,230.14282942083508,
1,76.681942,30.714258,0.9899602323899452,1.0,98.99602323899452,1.0,98.99602323899452,,0.9899602323899452,0.29396140120261377,336.7653808765227,0.389018951759651,254.4760937512309,,0.9900521786632899,0.3240647694990195,305.51058672432623,0.45004046735723713,219.99181195352315,,0.9900521786632899,0.3707081515923497,267.07051744359904,0.48358763491382345,204.73066455467162,,0.9900521786632899,0.45743322886055865,216.4364362268688,
1,76.696883,30.70069,0.741120649290059,1.0,74.11206492900591,1.0,74.11206492900591,,0.741120649290059,0.19532569752547846,379.4281339726877,0.3036192739175902,244.09538950785372,,0.7459133585313362,0.22961876651382676,324.8486044307795,0.3501519117364965,213.02564216546853,,0.7460756150010742,0.2597845390360566,287.1901529511436,0.34225002629836576,217.99139742086172,,0.747608101582145,0.35857357663962575,208.49503429347985,
1,76.717864,30.65906,0.6277080530714179,1.0,62.770805307141785,1.0,62.770805307141785,,0.6401239586642145,0.5336305801750856,119.95638601786804,0.3361892851317026,190.40581808353738,,0.6401239586642145,0.45565765863737695,140.48352892355092,0.2729207609312008,234.54571813449544,,0.6521840833289908,0.3443687517962979,189.38538410557436,0.25342364665946854,257.34934049202843,,0.6806110006342584,0.3363834794969589,202.33187481503873,
1,76.696064,30.715001,0.8967654246264252,1.0,89.67654246264252,1.0,89.67654246264252,,0.9003342025361974,0.2855843648526575,315.2603270142992,0.3787262872628726,237.72688424748253,,0.9090344868237302,0.31009057838326126,293.1512758508241,0.4494250347908884,202.26609922758132,,0.9146463941959606,0.3602810127200371,253.87027400933374,0.4893430015381235,186.91314503753108,,0.9146463941959606,0.4577321223662687,199.82132550970013,
1,76.6847,30.693087,0.4103968269896615,1.0,41.03968269896615,1.0,41.03968269896615,,0.4103968269896615,0.28104278370621355,146.02645959366367,0.36988199405021804,110.95344828652105,,0.4273325290788152,0.275209435818619,155.27539156050423,0.26390368572110545,161.9274577053168,,0.43121733678606416,0.35228880311577626,122.40449681403835,0.28045479155387115,153.7564519389692,,0.4805325851315531,0.2415774490455316,198.91450424289567,
1,76.718126,30.698031,0.6057748193568872,1.0,60.577481935688716,1.0,60.577481935688716,,0.6194525882261118,0.08847713741278702,700.1272942817727,0.2620652327038429,236.37343337570783,,0.6501460639517169,0.104662974249468,621.1805737548316,0.34794729778825695,186.85187903007161,,0.6690376650019288,0.23965863677143345,279.1627600051825,0.3967494865464036,168.6297494234258,,0.6756417685510037,0.3580384218994446,188.7064983044636,
1,76.673781,30.709807,0.5245113895702547,1.0,52.451138957025464,1.0,52.451138957025464,,0.5528212690258745,0.33186112965125986,166.5821090908758,0.4114331303187052,134.3647918186965,,0.5948143791978534,0.3508155347905891,169.55189272131682,0.33528178708493245,177.40730397836285,,0.5948143791978534,0.3956751626898048,150.32896559751129,0.36932671450025034,161.05371094065558,,0.6348325193595898,0.3423786083764392,185.41827784450913,
1,76.714146,30.697422,0.5868411180208791,1.0,58.68411180208791,1.0,58.68411180208791,,0.6055340584857349,0.08425388643490826,718.7016339638532,0.2586462468994183,234.1167002207511,,0.6328420111668145,0.10376241163807552,609.8952416161786,0.34492621918971467,183.4717037902943,,0.636769890786394,0.23613583713845168,269.6625376744665,0.4362118153580288,145.97722215840338,,0.646825109888699,0.3550640973117118,182.17136420888238,
1,76.695929,30.704942,0.5325894325515859,1.0,53.258943255158584,1.0,53.258943255158584,,0.5791843885245886,0.22442297369833603,258.07713844087743,0.3288006202659987,176.15063744588747,,0.5791843885245886,0.25747599451303155,224.94694684838845,0.33100137174211247,174.97945264584547,,0.6058061054037781,0.3124470686467466,193.89079501613247,0.3660344724756963,165.50520537215303,,0.615963807543082,0.339112542494185,181.63993670438904,
1,76.68811,30.698177,0.28377590579872447,1.0,28.377590579872447,1.0,28.377590579872447,,0.2899002328044968,0.24706926236492163,117.33561270617052,0.33673955070837175,86.09034257920018,,0.3452585081233948,0.2929856210225703,117.84145137170322,0.2509240270538668,137.594837838816,,0.41054438640539226,0.3189817780102127,128.70465170968106,0.28928951280710313,141.914714578382,,0.46432415597656385,0.2589214885502912,179.3300967703871,
1,76.680322,30.696429,0.3630822963986351,1.0,36.30822963986351,1.0,36.30822963986351,,0.4050503287915724,0.28258568251958976,143.33717305847333,0.3680525605336709,110.05230562837419,,0.4061137379508569,0.3263525207660037,124.44020257531346,0.2660961033287218,152.61919767730095,,0.4578731115552653,0.3511260971115231,130.4013331170419,0.3016909660182483,151.76891691465832,,0.4578731115552653,0.2737191730565653,167.27842132587614,
1,76.744026,30.670257,0.9383404568210378,0.8315880439202927,112.83717505094111,0.8315880439202927,112.83717505094111,,0.9385472162817865,0.4767266503998915,196.8732428729351,0.2858546834756676,328.3301868173439,,0.9398680847415714,0.35444625186390133,265.16519212691736,0.5169615019655687,181.80620436300296,,0.9431228243456885,0.30309577063847093,311.163307346388,0.49314592652839906,191.246195823819,,0.9462815753695567,0.5838586146129863,162.07375410514484,
1,76.705889,30.715948,0.7308674752036443,1.0,73.08674752036443,1.0,73.08674752036443,,0.7308674752036443,0.25253432311621965,289.4131245942712,0.41123882503192843,177.72336431194208,,0.754067846717934,0.2670551298424862,282.3641122949769,0.483423797360579,155.98484204439887,,0.7714840753834132,0.3312978927203065,232.86718458989037,0.5270460834397616,146.3788650791842,,0.7714840753834132,0.4924768518518518,156.6538757065262,
1,76.683038,30.698,0.3924451074226354,1.0,39.244510742263536,1.0,39.244510742263536,,0.40889433250339796,0.29942516660471175,136.55977456404082,0.3937096956669306,103.85681048843492,,0.4141794675237308,0.32928202393073985,125.78259286053466,0.3077055689342147,134.6025257060848,,0.46074104283032147,0.37562964998195225,122.65832658642856,0.3484072212435149,132.24210485243998,,0.49934254522737,0.3205652438597342,155.76939633725897,
1,76.721516,30.695976,0.5027203900924792,1.0,50.27203900924791,1.0,50.27203900924791,,0.5473787987653645,0.16535639205108882,331.02971828040694,0.2628535163222403,208.24480738325593,,0.5473787987653645,0.05358771964618619,1021.4631306938272,0.41175677283725354,132.9374122964859,,0.55737129949902,0.14425449208678753,386.38054970495466,0.47165919638253145,118.1724651557463,,0.5836170059821791,0.37575661417635164,155.31782647697418,
1,76.70499,30.708699,0.5812382214226123,1.0,58.123822142261226,1.0,58.123822142261226,,0.5886246342413375,0.18833245971264598,312.54550338239596,0.33791648186229045,174.19234214246376,,0.6227241748775125,0.2575568189454726,241.78128050624417,0.4085722349905246,152.4147070081633,,0.6227241748775125,0.31042431084768085,200.604190173453,0.45491445237423217,136.888193291611,,0.6462271980612775,0.4177116514119054,154.706529223441,
1,76.748676,30.682277,0.9064721109645469,0.7154366821183903,126.70193374492702,0.7154366821183903,126.70193374492702,,0.9087961774340552,0.4580875415350535,198.38919311987289,0.30843828198711903,294.64441689245575,,0.9133152476426788,0.33968084669975795,268.87452045535946,0.529769865036715,172.39848997061824,,0.9133152476426788,0.29484350002051113,309.7627207583491,0.5091684784838167,179.37387843849163,,0.9133152476426788,0.5979734996102883,152.73507074107886,
1,76.711345,30.704868,0.5230654247691193,1.0,52.30654247691193,1.0,52.30654247691193,,0.5588336326080977,0.15107204177486414,369.9120141904896,0.3259262412555163,171.4601532099372,,0.589551551599089,0.16656733784569974,353.941870731717,0.3958679210477772,148.92632624504478,,0.5948909211410817,0.2945950931562442,201.93510854763957,0.4494416301278504,132.36222042267337,,0.6245899952620949,0.4125977324649156,151.37989041546797,
1,76.699239,30.704057,0.6106200424416326,1.0,61.06200424416326,1.0,61.06200424416326,,0.6106200424416326,0.16048521940102906,380.48366367982,0.27346206237612897,223.29241472689736,,0.6296772695987698,0.19626337161634355,320.8327995249493,0.42754310873536955,147.27807716543325,,0.6305877790022868,0.33326231931774897,189.21664480197438,0.3858578815873569,163.4248797531751,,0.6433670403940469,0.436329479209033,147.44982199239126,
1,76.722244,30.707777,0.74543947418433,1.0,74.54394741843299,1.0,74.54394741843299,,0.7483220678334861,0.22479839490584017,332.88585897018123,0.360510965303008,207.57262326390665,,0.7660798378741641,0.21044395726979062,364.03033273701675,0.5097335946517519,150.29023904095374,,0.7660798378741641,0.31035951940134326,246.83626245841148,0.60467584379769,126.6926479256671,,0.7660798378741641,0.5202767083175174,147.24469222378426,
1,76.736482,30.670963,0.9694704332753689,0.9370045313177736,103.46486072078395,0.9370045313177736,103.46486072078395,,0.9717981866074784,0.5167178862463893,188.07132721240674,0.30894173888165966,314.5571039139281,,0.97348139167246,0.4236551399540408,229.78156048763285,0.5934088245337172,164.0490251282313,,0.9759667911891036,0.33071236745203353,295.1104607028818,0.4478898456029605,217.90330831797107,,0.9763502282502864,0.6662790590363336,146.53773295267922,
1,76.716695,30.700924,0.5567628930139298,1.0,55.67628930139298,1.0,55.67628930139298,,0.5573432879195066,0.12078055460458746,461.4511746068251,0.3046369203849519,182.95329640781046,,0.5573432879195066,0.13738826124995246,405.67023910836446,0.387005972079577,144.0141310803608,,0.571668111479945,0.2443531515082354,233.95160158623048,0.437087755334931,130.79023708680376,,0.5818428495769428,0.39736011259462134,146.427089970786,
1,76.71159,30.660789,0.23722679173599448,1.0,23.72267917359945,1.0,23.72267917359945,,0.25701491619771955,0.3405542596617718,75.46959373022642,0.22738959868525688,113.02844003584737,,0.26522297801801076,0.33593542914700736,78.95058246504497,0.17159253565180513,154.56556837425617,,0.3108464235227699,0.24099427450564598,128.9849828011111,0.1634085246249271,190.2265651294865,,0.32659046372793443,0.223963579494248,145.82302375477175,
1,76.728938,30.692466,0.46267978566960644,1.0,46.26797856696064,1.0,46.26797856696064,,0.4662104436917065,0.30996739226227193,150.40628638035352,0.27948356393760465,166.81139925487318,,0.5048977370318397,0.18545871155371466,272.24266404202075,0.4449105490438001,113.48297722249198,,0.5184741937541496,0.13064246056226317,396.8649943691537,0.49814047765929315,104.08192407699978,,0.5347017663779984,0.37364060985282455,143.1059023773179,
1,76.724498,30.659777,0.7476093801762511,1.0,74.76093801762511,1.0,74.76093801762511,,0.7476093801762511,0.5357309590502868,139.54940769179558,0.26958283313325326,277.3208410517416,,0.7682827543419372,0.4516639989329065,170.10050749164614,0.4944811257836467,155.3715024257748,,0.7817726478954905,0.3416366546618647,228.83160727271814,0.4735560891023075,165.0855444341242,,0.7979805356467129,0.5583816860077364,142.9095107599315,
1,76.69354,30.691212,0.1636559428657045,1.0,16.36559428657045,1.0,16.36559428657045,,0.19921842161331357,0.19061818227281538,104.51176232925641,0.2964886946845951,67.19258615416763,,0.26454883536632656,0.22173671148785076,119.30763904236107,0.21471035013033773,123.2119621647186,,0.31459623579065155,0.23829616988291483,132.0190064092202,0.25561202482981077,123.07567924479027,,0.31459623579065155,0.2232182485356538,140.93661152457358,
1,76.714549,30.716228,0.6815027222239293,1.0,68.15027222239293,1.0,68.15027222239293,,0.7108312855115118,0.28621349699938015,248.3570107502831,0.4686620845623046,151.6724541895415,,0.7289301059848838,0.30109057716804155,242.09661851292708,0.5404726061456511,134.86901976091008,,0.7411658492693682,0.36566691416387953,202.68879150964224,0.5872563912181632,126.20822188617583,,0.7632802532732909,0.549743533851488,138.84297063501057,
1,76.703663,30.693716,0.12429722348554473,1.0,12.429722348554472,1.0,12.429722348554472,,0.1747829313169607,0.15359431364312243,113.79518367006098,0.249598261020317,70.02570074105347,,0.2322197407342915,0.16986390883692398,136.70928823216445,0.23499563254719186,98.8187474878526,,0.2802997008242538,0.22227334253498965,126.10585580235733,0.2788501930347463,100.5198159534094,,0.3311664782685595,0.2440705993745541,135.6847072597822,
1,76.688734,30.687228,0.13441467693897424,1.0,13.441467693897424,1.0,13.441467693897424,,0.1360065469090392,0.2275807760225266,59.76187852333226,0.32861642724192236,41.38762874715125,,0.1712966371077443,0.2572781940533575,66.58031697479139,0.21042332840166084,81.40572550053452,,0.19701643701512367,0.29656851047582683,66.43201488216746,0.2626533193337469,75.01006936248915,,0.27344535889013855,0.20258435546222497,134.97851710524938,
1,76.702839,30.705454,0.3588304841235025,1.0,35.88304841235025,1.0,35.88304841235025,,0.37306266248396336,0.17549977491900254,212.5715902804667,0.2864615365106739,130.23132774757792,,0.4211605608075598,0.21063777176152826,199.94541210983428,0.3489643103962059,120.68872038214566,,0.4461858041854473,0.26063111443625137,171.19437376099674,0.39683998960189193,112.43468800436641,,0.48255681295893404,0.3618605005040546,133.35437614405419,
1,76.70779,30.689305,0.16068137325955567,1.0,16.06813732595557,1.0,16.06813732595557,,0.213850380213002,0.10519852925786129,203.2826710807094,0.21166686434706167,101.03158133545179,,0.213850380213002,0.131383041812892,162.76863228479297,0.21315993274215267,100.32391053138703,,0.2744563717182433,0.19058250598273901,144.00921548544474,0.25890782744594604,106.00543615296583,,0.2915828626816416,0.22265556865672684,130.95691450285779,
1,76.679274,30.692858,0.25790282704493983,1.0,25.790282704493983,1.0,25.790282704493983,,0.25987177439364273,0.2639785828696917,98.44426451896052,0.3630328105455596,71.58355025902806,,0.2891987646297533,0.29535150921717673,97.91680611223855,0.25838092381184175,111.92728950855279,,0.2891987646297533,0.34430980128027355,83.9937647881075,0.29435536362144205,98.24817223364056,,0.3415423108335329,0.26608407242431276,128.35879566999793,
1,76.707991,30.713578,0.47157618855015837,1.0,47.15761885501584,1.0,47.15761885501584,,0.4965213299896093,0.2275675533730732,218.1863462651086,0.38428612693994385,129.20615530500416,,0.5206820438977117,0.24190541214779027,215.24199862862307,0.45336913421391245,114.84726343369442,,0.5512877391129742,0.304705758777343,180.92462096058233,0.4985754050576403,110.57259012791452,,0.5859944266091932,0.4623040361335049,126.75520454248615,
1,76.746763,30.674927,0.668643219924431,0.704310696681423,94.93583202341661,0.704310696681423,94.93583202341661,,0.6818076036609341,0.47433361589902984,143.74009785679382,0.33838811968227056,201.48686198000013,,0.6818076036609341,0.36104831873410564,188.84109640822118,0.4948981193683087,137.76726501430193,,0.6959958887285433,0.25766851904178834,270.11289206644125,0.5304307557062572,131.21333581078642,,0.6959958887285433,0.5568741954726697,124.98260727232808,
1,76.703089,30.729861,0.6651972206962001,1.0,66.51972206962002,1.0,66.51972206962002,,0.6651972206962001,0.3423106105000833,194.3256213193071,0.5077014181466014,131.02134382932155,,0.6986083320730628,0.3557765262502082,196.3615585986553,0.5685170220771931,122.88257078399421,,0.7068441465349544,0.41168197491872954,171.6966468290221,0.6150956431624854,114.91613611514923,,0.7183089307001113,0.5783681752851406,124.19579108860522,
1,76.664354,30.708365,0.39785559904574164,1.0,39.785559904574164,1.0,39.785559904574164,,0.39785559904574164,0.3620424062245509,109.89198839844694,0.44626124667628214,89.15306942042092,,0.41174525260524375,0.3892306635661653,105.78438215345057,0.37461611672014056,109.91124893669237,,0.46434106272585596,0.4314357479959576,107.62693283594263,0.4066464545374268,114.18790390145134,,0.46434106272585596,0.38129298756855934,121.78064581960452,
1,76.68913,30.720583,0.5371065418185478,1.0,53.71065418185478,1.0,53.71065418185478,,0.5371065418185478,0.2841486233627373,189.02310187612295,0.3728252152993271,144.06389905450078,,0.5371065418185478,0.32955615215647993,162.9787634987068,0.44013458387085536,122.03234226559802,,0.5371065418185478,0.35526422835094085,151.18508956324686,0.5113489766744536,105.03717936654688,,0.5449645241925088,0.44803760910242557,121.6336559969288,
1,76.733428,30.670581,0.6242379959139921,0.960961072479645,64.95975891127625,0.960961072479645,64.95975891127625,,0.6464558801842263,0.5138376983279641,125.80935230867719,0.21743893494749938,297.3045652289978,,0.6491123322750959,0.4202092597922257,154.4735907523914,0.4678915265566831,138.7313715749581,,0.6761449784783501,0.32957024685971054,205.1595934162611,0.44458886114025237,152.08320261200828,,0.6919059965282517,0.5709431544938866,121.18649485194246,
1,76.689434,30.707174,0.24595772838450813,1.0,24.595772838450813,1.0,24.595772838450813,,0.31326894886724516,0.24188982851773547,129.5089383406116,0.3315010570824524,94.50013572334628,,0.3780092670860513,0.26055907916373033,145.07622159983055,0.3657270378200611,103.35830496405167,,0.43823000106916593,0.31375381724218937,139.67320140391863,0.43302795395818655,101.20131900571982,,0.45220202273372956,0.37371975569649984,121.00029924587814,
1,76.717988,30.674171,0.11483682473920354,1.0,11.483682473920354,1.0,11.483682473920354,,0.18828251370081225,0.3082210697517415,61.08684064086388,0.11321232393285667,166.30920306209578,,0.21387518174864073,0.23085125970479026,92.64631348433691,0.20630926443060116,103.6672697849614,,0.2818245289545655,0.13063491576395495,215.7344591271418,0.18488200816276432,152.43480517934228,,0.313324812482993,0.2669392702611471,117.37681465018872,
1,76.702343,30.687719,0.15285913918433203,1.0,15.285913918433202,1.0,15.285913918433202,,0.15285913918433203,0.1484742251613417,102.95331665696547,0.2497875335298648,61.19566378041683,,0.15285913918433203,0.17338591878469178,88.1612187747209,0.1805101851114121,84.68172534972824,,0.1756466696030206,0.20666347966961462,84.99163465350557,0.22417868430138368,78.35119121623666,,0.0,0.18954664966934906,114.72676534558687,0.0
1,76.71782,30.664171,0.18704374855752337,1.0,18.704374855752338,1.0,18.704374855752338,,0.18704374855752337,0.41014705112774086,45.60407006297562,0.24387723062431313,76.69586376665876,,0.18704374855752337,0.34448427442566326,54.296745147327705,0.1894002825893558,98.75579170230613,,0.1896879846528187,0.25790857711026216,73.54853676375504,0.17417839761368986,108.90442629603673,,0.2682737492091892,0.241097127008216,111.2720638931741,
1,76.695912,30.71134,0.3488682665429953,1.0,34.88682665429953,1.0,34.88682665429953,,0.36049387607328864,0.27022954288244844,133.4028367986789,0.3778723613639719,95.40096417002988,,0.4238797166991508,0.304322688579442,139.28626836132167,0.4446193967426069,95.33540817260781,,0.46976984567283936,0.3547889091177484,132.40826688777094,0.48495546917285837,96.86865610033851,,0.49493620592256526,0.4529904541652315,109.25974297507686,
1,76.698487,30.722642,0.41184091414726853,1.0,41.18409141472685,1.0,41.18409141472685,,0.42254118243956806,0.30717979886013097,137.55500329367845,0.40752038347304564,103.68590126425318,,0.47330664427762564,0.33895622857011803,139.63650890094655,0.4698404871392039,100.7377306199231,,0.5190564493964996,0.38609910209511145,134.43606747073852,0.5073449307936654,102.30839373609457,,0.5190564493964996,0.4776441177482426,108.67012281936752,
1,76.715344,30.712724,0.5435528611139886,1.0,54.35528611139886,1.0,54.35528611139886,,0.5516792618836389,0.2684944117604752,205.47141307946248,0.46112685375641893,119.63720121471228,,0.5704086130978145,0.28420189583003697,200.70542155670194,0.5320334862847197,107.21291569090414,,0.5795634076335661,0.3523827332748378,164.46986554858825,0.5863408178823665,98.84411761178801,,0.5866107328447053,0.5467340803498223,107.293610171396,
1,76.743765,30.680904,0.507610378684455,0.7941458568834994,63.91903631865463,0.7941458568834994,63.91903631865463,,0.5471420492371605,0.43156749905799335,126.78017933033377,0.2753656698523618,198.6965366926503,,0.5787252805417481,0.30796766348097143,187.917547576389,0.49278936731408207,117.43867033821253,,0.5787252805417481,0.24399684855958617,237.18555545213047,0.4848850751892577,119.35308182374209,,0.600413234176645,0.5604083170623094,107.13853022811003,
1,76.708514,30.719551,0.4391349085702184,1.0,43.91349085702184,1.0,43.91349085702184,,0.4645582969447236,0.2934620548213213,158.30267978855963,0.4741578794686528,97.97544595595743,,0.49740290083597205,0.3081894661566381,161.39516610965725,0.5406639815957957,91.99852732335961,,0.5032987763840405,0.353646771505866,142.31680222639673,0.591606117643884,85.07328801609859,,0.5464259171301937,0.5359482415484358,101.95497900160775,
1,76.733171,30.68394,0.3236792364042437,1.0,32.367923640424365,1.0,32.367923640424365,,0.3815517652758272,0.42476882981979386,89.8257448498984,0.10873577503454801,350.89809692771206,,0.4035482816395571,0.2814757793008783,143.36874122593392,0.38479516977212225,104.873530995345,,0.4424170614189512,0.12747052985967483,347.07399577453975,0.3591786386696469,123.17465845341168,,0.45620224431637857,0.4580276569499448,99.60146235584946,
1,76.717915,30.684941,0.16426579793099294,1.0,16.426579793099293,1.0,16.426579793099293,,0.23902658708623162,0.2761662167813557,86.55171145552245,0.11572064023115235,206.5548432922383,,0.23902658708623162,0.13006881344333346,183.7693300634032,0.30514389993536856,78.33241534137139,,0.2846865555183053,0.0843706041135992,337.42386760084645,0.34212827434132986,83.21047305031654,,0.2926923163639522,0.3005512679162073,97.38515441749988,
1,76.702706,30.711971,0.3769444294249076,1.0,37.69444294249076,1.0,37.69444294249076,,0.386673603989785,0.20603248555207615,187.67603708399207,0.3562208813870007,108.5488314116264,,0.4102453717290987,0.280111509967158,146.45787735648506,0.4189706968100002,97.91743786681616,,0.4102453717290987,0.32166679396114967,127.53737079203997,0.46703072888821,87.84119466950457,,0.4102453717290987,0.4232796150614832,96.92065413296805,
1,76.696593,30.678177,0.13927207266338726,1.0,13.927207266338726,1.0,13.927207266338726,,0.15404898825087127,0.27024003579761563,57.00450260680082,0.2732316936746892,56.38035111486102,,0.15404898825087127,0.2686419279572986,57.343613270731815,0.1535589861603861,100.3190969820375,,0.15404898825087127,0.34984498353948923,44.033499263676816,0.20184741266340653,76.3195258329904,,0.15404898825087127,0.16863233931025665,91.35198437083035,
1,76.711957,30.701618,0.28863055324025577,1.0,28.863055324025577,1.0,28.863055324025577,,0.33615608863932267,0.11840505009555799,283.9035061156853,0.3059303874442578,109.87992773374698,,0.33615608863932267,0.13420831644176753,250.47336674190342,0.3845123646261655,87.42399973695092,,0.3494678005290509,0.2787832281230092,125.35467175767586,0.4319655991197081,80.90176653910001,,0.35741144362286603,0.39436497364915735,90.62961152854142,
1,76.727591,30.703045,0.3366042781939206,1.0,33.660427819392055,1.0,33.660427819392055,,0.3524052219893478,0.20938935193060043,168.3014053676179,0.3193995577479163,110.33365996939827,,0.3675335379576212,0.2027300561319952,181.29208118914758,0.48125531552985207,76.36976176626214,,0.4114888114278206,0.25950841979928563,158.56472469990868,0.5377700289164824,76.5176170670765,,0.4202189747793007,0.4928304133356013,85.26644529406211,
1,76.69422,30.726219,0.4316595462296794,1.0,43.16595462296794,1.0,43.16595462296794,,0.45670987618967196,0.3276207296084232,139.40200814995373,0.4281415570829162,106.67263400016623,,0.45670987618967196,0.31917837497328366,143.08922909576822,0.5360585846541502,85.19775436192822,,0.4601982843269999,0.3917230052757686,117.48053551335987,0.6049866699663655,76.06750812420128,,0.4601982843269999,0.5437135111421082,84.63984706952036,
1,76.732203,30.688969,0.2322126951468173,1.0,23.22126951468173,1.0,23.22126951468173,,0.27753479144500814,0.2719425231891051,102.05641552131009,0.1604560970814791,172.96618607398688,,0.32061321565626777,0.1429682054581524,224.25490662685354,0.40460743838578805,79.24056387479638,,0.34727870917254505,0.13167301127732203,263.7432726750107,0.38217789930834806,90.86833901202495,,0.34727870917254505,0.42189873643951176,82.31328496105485,
1,76.707906,30.702046,0.10178247262040374,1.0,10.178247262040374,1.0,10.178247262040374,,0.1826237245280385,0.16762426788720247,108.9482607917664,0.27377192860422084,66.70651934956012,,0.20091804536691188,0.16666434801964358,120.5525043323789,0.35434259400954354,56.70163529973497,,0.24228744856012824,0.2527510746928952,95.86010617542149,0.3999387877185904,60.58113291342208,,0.29331426928782667,0.36380962980481624,80.62300864471061,
1,76.697373,30.717857,0.2850951686938471,1.0,28.50951686938471,1.0,28.50951686938471,,0.30605244155885025,0.28356228058372374,107.93129499763849,0.3768944722388717,81.2037490867941,,0.31006641997633727,0.3215618157576054,96.42513656225483,0.44773764235299873,69.25180968632503,,0.31730590534119457,0.3584115179019217,88.5311686406307,0.5011804136952452,63.311713041950604,,0.3654140448751917,0.4560616995510758,80.12381772792736,
1,76.738767,30.665791,0.3013778741641421,0.8461958485566307,35.615617197627124,0.8461958485566307,35.615617197627124,,0.34831778785080514,0.5098566668004979,68.31680559099144,0.32315413337615934,107.78688925057156,,0.3625410054962119,0.3939615369173325,92.02446724444731,0.5397679367246155,67.16608765169703,,0.42543669995806943,0.346384550527964,122.82207717105543,0.5196129602119886,81.87569066493306,,0.47925062569837446,0.6048098928012205,79.23987874581394,
1,76.710537,30.716773,0.32235384497472297,1.0,32.235384497472296,1.0,32.235384497472296,,0.32235384497472297,0.2590325095765958,124.44532367834049,0.44062510593579446,73.15830183804702,,0.32235384497472297,0.273839791179362,117.71621778793454,0.5120987152106851,62.94759885154208,,0.36995611360763864,0.3381131563781823,109.41784033799613,0.558663005525611,66.2216953599013,,0.41197148845968906,0.521326146649039,79.02375338504393,
1,76.737219,30.685932,0.25464065476376385,1.0,25.464065476376383,1.0,25.464065476376383,,0.2980982023767521,0.3785037967563514,78.75699132514711,0.2193493953313959,135.90108234690206,,0.35949367002086224,0.24319865004218616,147.81894141209384,0.4776600731227149,75.26140245942334,,0.35949367002086224,0.18694103309271584,192.30324347387483,0.451945251710884,79.54363247759834,,0.4193089560344624,0.5358207556013875,78.25545234130466,
1,76.737485,30.676334,0.18656702405130576,0.9127826143754258,20.439370898728697,0.9127826143754258,20.439370898728697,,0.23147236216975708,0.439156845729642,52.70835794103922,0.18026668159635717,128.40551571701795,,0.29861686304895413,0.2926685888643171,102.03242657769286,0.4678871688641305,63.822409102154566,,0.3336080368544968,0.2366729184745589,140.9574187890694,0.48082001325010026,69.38314289363188,,0.39144541446800624,0.5415651914266252,72.28038667641029,
1,76.708931,30.698582,0.20162732004774453,1.0,20.162732004774455,1.0,20.162732004774455,,0.22513666180771025,0.08115644366473404,277.4107041183001,0.2569407301227331,87.62202150673777,,0.24222132980625816,0.17166228079558987,141.10340878826364,0.33435313750240686,72.4447605354128,,0.24522355988496977,0.23019761380087433,106.52741174680168,0.381100104833016,64.34623259744777,,0.24748589583112654,0.3440591058528202,71.93121519562246,
1,76.710479,30.655046,0.1543627152742023,1.0,15.436271527420232,1.0,15.436271527420232,,0.1661471844831013,0.43969925746419364,37.78655107158813,0.2817597166557927,58.96768581935806,,0.1769468226594129,0.3773262497281511,46.894914622795575,0.22322055488240594,79.26995018564918,,0.1779032548887904,0.2883027309162084,61.70710014553965,0.21555286295709447,82.53346879656237,,0.18259634674675618,0.27232733712368346,67.05031844225981,
1,76.683915,30.710755,0.1397723766262895,1.0,13.97723766262895,1.0,13.97723766262895,,0.1397723766262895,0.2607468226296255,53.60463273020488,0.35916094927454734,38.91636240203989,,0.1621171146329369,0.2919131706219773,55.5360740618572,0.34423012034641776,47.09556341838695,,0.1732371405260634,0.3428523225733888,50.52820970433454,0.38094702508154316,45.475388733901084,,0.2305008818068996,0.35188392756720277,65.5048053488827,
1,76.704309,30.698164,0.08023374566164221,1.0,8.023374566164222,1.0,8.023374566164222,,0.1354672600004514,0.21317747656361694,63.54670398775686,0.3170668609202993,42.72513993018767,,0.1354672600004514,0.15242329137364097,88.87569529539643,0.3959233968969344,34.21552276581316,,0.19048873874610706,0.29649322268138095,64.2472488994499,0.35235929660214993,54.06093739629312,,0.2607658318750003,0.4051890228543029,64.35658844804539,
1,76.738465,30.69128,0.2799790936602842,0.9853677212116684,28.41366604905677,0.9853677212116684,28.41366604905677,,0.2799790936602842,0.3863780674560191,72.4624706323823,0.2278601576214843,122.87321161489696,,0.2799790936602842,0.2516154334590819,111.27262338850721,0.5206551376386658,53.774384121143434,,0.3052249657399189,0.23109102453964817,132.0799742646654,0.45953946139767676,66.41975094186373,,0.34104729058197,0.537351062637732,63.468245304633385,
1,76.739442,30.680772,0.17088758739006582,0.8345760536382291,20.47597539434578,0.8345760536382291,20.47597539434578,,0.2226365480715309,0.4422451719682832,50.34233546985966,0.2882210381429283,77.24507187470674,,0.2226365480715309,0.3203685094956217,69.49389264945017,0.4730753316501018,47.06154245983775,,0.27623303491076096,0.2277598101720105,121.28260675232481,0.4948194185251176,55.825019101739045,,0.3249137542928003,0.5397600128353445,60.19596608982523,
1,76.734448,30.696438,0.24240973241508024,1.0,24.240973241508023,1.0,24.240973241508023,,0.24240973241508024,0.2978410114045618,81.38897033417992,0.2653999099639856,91.33753377986258,,0.2884512805204279,0.16533801020408165,174.4615652289415,0.4998311824729892,57.70974093558394,,0.28914652391736295,0.2540047268907563,113.83509569163279,0.49809611344537813,58.05034733503721,,0.28914652391736295,0.5125956632653061,56.40830475924418,
1,76.704947,30.690631,0.08692028808742369,1.0,8.69202880874237,1.0,8.69202880874237,,0.08692028808742369,0.09958296474156453,87.2842943700233,0.20671328474942782,42.04871892621033,,0.1372179570134949,0.15444346153306093,88.84672465342364,0.2880351601443476,47.6393079736268,,0.1439975686445167,0.1855034612522291,77.62527322804138,0.37408203097575016,38.49358074455368,,0.1439975686445167,0.2975904629512616,48.38783044875338,
1,76.700787,30.725808,0.17337359529475482,1.0,17.33735952947548,1.0,17.33735952947548,,0.17337359529475482,0.27594597951648053,62.82881729190053,0.37684481532085956,46.006628788865825,,0.17337359529475482,0.3046951749681004,56.900669763774864,0.48517937194412764,35.73391725209624,,0.18721814777711135,0.3402929120699195,55.01676383393019,0.5420510620038619,34.53883977000261,,0.22762761033403606,0.4928635147190009,46.184715146507585,
1,76.726063,30.663494,0.05182353682242691,1.0,5.182353682242691,1.0,5.182353682242691,,0.08815183028469382,0.5273598676938395,16.71568803105637,0.257971699307249,34.17112439907735,,0.10822919525469293,0.4422637179043649,24.47164234215939,0.48616607460784894,22.261774506169054,,0.11104595543368939,0.3334148996312641,33.30563677763028,0.46442162463189696,23.91059105434744,,0.1882876154633078,0.552791676862454,34.06122475142795,
1,76.736689,30.682809,0.15167487973275118,0.936280631643216,16.199724164597395,0.936280631643216,16.199724164597395,,0.1744674550540833,0.39210353472280046,44.495251790429265,0.23505305321973377,74.22471338459346,,0.1744674550540833,0.2585870359577795,67.46952893747128,0.48780284738989266,35.76597717451091,,0.1744674550540833,0.2036004033339809,85.69111465260279,0.4645741403713263,37.554276033236455,,0.1744674550540833,0.5527433186245941,31.563919304934394,
1,76.729384,30.700394,0.0664962673667775,1.0,6.6496267366777495,1.0,6.6496267366777495,,0.0828672416859426,0.21071031712112145,39.32756725827928,0.3212838704162749,25.79253094111907,,0.08984945220165849,0.20402598512693393,44.038239612350864,0.4550303444738866,19.745815480843124,,0.08984945220165849,0.2309770065817591,38.89973877977955,0.5407470723993504,16.61580002698623,,0.0926151321045642,0.4666552696811693,19.846584432195783,
1,76.728325,30.672599,0.5956387406078443,1.0,59.56387406078443,1.0,59.56387406078443,,0.0,0.4384372103168112,140.0256793382159,0.14829052838213644,414.00127770506526,0.0,0.0,0.34678372139520514,0.0,0.4866132286384208,0.0,,0.0,0.322100441681662,0.0,0.37064907210498577,0.0,,0.0,0.558381954668557,0.0,
1,76.716714,30.6946,0.0,1.0,0.0,1.0,98.23786169086064,,0.0,0.0,,0.2685395838116508,0.0,,0.0,0.13382452185649782,0.0,0.3491265053954207,0.0,,0.0,0.2475214460144852,0.0,0.33814781574168773,0.0,,0.0,0.35859545128815234,0.0,
1,76.709301,30.675397,0.8170720709492799,1.0,81.707207094928,1.0,81.707207094928,,0.0,0.2943421415407833,281.3926922979372,0.16133385573113926,513.3809471641804,0.0,0.0,0.22117017108528145,0.0,0.14721460392088576,0.0,,0.0,0.18129380523268468,0.0,0.12002089591223716,0.0,,0.0,0.18826636483682324,0.0,
1,76.726498,30.678517,0.0,1.0,86.55071258939803,1.0,86.55071258939803,0.0,0.0,0.31621116791191506,0.0,0.0,,,0.0,0.23359876785948355,0.0,0.2807707432166732,0.0,,0.0,0.07183117053349063,0.0,0.25827434788307774,0.0,,0.0,0.34545812033031853,0.0,
1,76.705985,30.680949,0.8165994394715771,1.0,81.65994394715771,1.0,81.65994394715771,,0.0,0.26322071244950423,316.31030594006165,0.19701827735246757,422.59746254765884,0.0,0.0,0.19200401141275175,0.0,0.1443614226390576,0.0,,0.0,0.17280149156755842,0.0,0.19771038729907625,0.0,,0.0,0.13547699087544846,0.0,
1,76.720277,30.692391,0.5707783046689119,1.0,57.077830466891186,1.0,57.077830466891186,,0.0,0.14664623454248815,0.0,0.21738865254715398,274.02461411332433,,0.0,0.0,,0.3056965982038028,0.0,,0.0,0.10585822545476724,0.0,0.3427946266562981,0.0,,0.0,0.3160727627586417,0.0,
1,76.724219,30.700283,0.8995745732745685,1.0,89.95745732745685,1.0,89.95745732745685,,0.0,0.2163683710164097,0.0,0.3251767040052908,278.3178793280326,,0.0,0.20989542429628405,0.0,0.4731368577687761,0.0,,0.0,0.21415285413136032,0.0,0.5355598726904476,0.0,,0.0,0.43817633199685857,0.0,
1,76.724151,30.674408,0.7885972112245307,1.0,78.85972112245308,1.0,78.85972112245308,,0.0,0.3866837060702875,207.25552277565927,0.11469222577209798,698.7599474237741,0.0,0.0,0.3007625133120341,0.0,0.2631139510117146,0.0,,0.0,0.18966560170394034,0.0,0.24172949946751865,0.0,,0.0,0.3277870074547391,0.0,
1,76.68866,30.70407,0.9650269106665126,1.0,96.50269106665125,1.0,96.50269106665125,,0.0,0.23408495018353434,0.0,0.33604847637359436,288.04987490909235,,0.0,0.26637534230612364,0.0,0.3229214006875255,0.0,,0.0,0.31915748994930954,0.0,0.36096253568723413,0.0,,0.0,0.3308512497815067,0.0,
1,76.717025,30.708136,0.9293759891275858,1.0,92.93759891275857,1.0,92.93759891275857,,0.9339040308671572,0.19405839787644086,481.24896478934363,0.324759099669103,287.5682411420379,,0.0,0.20994145667430278,0.0,0.48579324388204065,192.83472466934322,,0.0,0.2986145958328788,0.0,0.5098360059634195,0.0,,0.0,0.4956910657794262,0.0,
1,76.725084,30.684377,0.6200727559285135,1.0,62.00727559285135,1.0,62.00727559285135,,0.6404898789685475,0.29933867330797964,213.9683028225253,0.07377242284521926,868.1968874905317,,0.0,0.11682596843132635,0.0,0.3036465520142698,219.6708409894519,,0.0,0.0,,0.2825278497627301,0.0,,0.0,0.32862720021539393,0.0,
1,76.726352,30.694305,0.3349056146570861,1.0,33.49056146570861,1.0,33.49056146570861,,0.3510788605476133,0.18569772002523832,189.05932743810635,0.20336454016814173,172.6352392886889,,0.0,0.08828294196892959,0.0,0.36115516447536705,99.37631686891586,,0.0,0.14808751556078512,0.0,0.41491447963029277,0.0,,0.0,0.3812605514912774,0.0,
1,76.720965,30.675272,0.8938925830509576,1.0,89.38925830509577,1.0,89.38925830509577,,0.9035319172998595,0.3407194364553374,265.18355591912274,0.12881497228127214,701.4183998168822,,0.9072873774488798,0.2566462423408778,353.51671981381276,0.22761869034221166,398.59968269074267,,0.0,0.14793881038722853,0.0,0.2066941769830353,441.9928303483071,,0.0,0.29090075444958524,0.0,
1,76.706071,30.686267,0.35609672589784624,1.0,35.60967258978462,1.0,35.60967258978462,,0.3628003115780462,0.11916731913023172,304.4461470024015,0.22397357179159624,161.9835361270329,,0.0,0.14494306396890153,0.0,0.1782530459746432,231.79697420888021,,0.0,0.20321836238513208,0.0,0.22328676803890055,0.0,,0.0,0.18759357701130477,0.0,
1,76.716966,30.691124,0.794025189270296,1.0,79.4025189270296,1.0,79.4025189270296,,0.7971671093196115,0.10499577263510733,759.2373381450442,0.26363044600570135,302.3805184103705,,0.0,0.032831286989442814,0.0,0.2622761928276956,309.90374522030856,,0.0,0.12156853942672444,0.0,0.39388565913223045,0.0,,0.0,0.2799188944505548,0.0,
1,76.704678,30.658433,0.9865152487929797,1.0,98.65152487929797,1.0,98.65152487929797,,0.9876226938360247,0.41873422075887784,235.85908313061742,0.31383413291726303,314.69575493765507,,0.0,0.38443299159054756,256.92028695388706,0.19903804217626064,496.2299339063983,0.0,0.0,0.326445240274459,0.0,0.22450596770131395,0.0,,0.0,0.3106583206894646,0.0,
1,76.70228,30.670065,0.8145747202313821,1.0,81.45747202313821,1.0,81.45747202313821,,0.0,0.33484806021539815,243.26696702599668,0.22869039516355044,356.1910501964151,0.0,0.0,0.2675594880623507,0.0,0.0,,,0.0,0.240814883025717,0.0,0.056852304119790205,0.0,,0.0,0.07381457607665719,0.0,
1,76.704665,30.674897,0.4254364386164168,1.0,42.54364386164168,1.0,42.54364386164168,,0.4575913328014506,0.2900472966075743,157.7643846894938,0.21320221851713228,214.6278476763036,,0.0,0.2214161761203171,230.86086596893276,0.05361870087447684,953.3302621100642,0.0,0.0,0.19613460818673653,0.0,0.13721460410357617,0.0,,0.0,0.0902854809622648,0.0,
1,76.707739,30.67142,0.18123306616566015,1.0,18.123306616566015,1.0,18.123306616566015,,0.19270506969686918,0.348980932646976,55.21936921746003,0.16546939188067203,116.45964701184018,,0.2522497149722719,0.2633980463363392,95.76749656304142,0.0920084615440152,274.15925746307596,,0.0,0.17909305532492473,172.27587222181168,0.07044307590120498,437.9907027092611,0.0,0.0,0.15005523106801724,0.0,
1,76.719086,30.677919,0.7694929331919369,1.0,76.94929331919369,1.0,76.94929331919369,,0.786468493254093,0.3057520999668933,257.22423274909687,0.11004519452122295,714.6777255252315,,0.7993476911272259,0.22810529476528876,350.42925765915373,0.20347543558433362,392.84726867972404,,0.0,0.09269111431057184,0.0,0.19503707182618202,412.591138436883,,0.0,0.2643225056396911,0.0,
1,76.720789,30.68214,0.8418287767582721,1.0,84.1828776758272,1.0,84.1828776758272,,0.856812073216563,0.24339744105576566,352.02180824089095,0.06983986481049329,1226.82378544328,,0.8574845691577531,0.1622435020519836,528.5170489496775,0.2619377162629758,327.3620085688119,,0.0,0.05180655025348032,0.0,0.2694938440492476,321.66542686958815,,0.0,0.32547678442101874,0.0,
1,76.686186,30.684043,0.9295291442478258,1.0,92.95291442478259,1.0,92.95291442478259,,0.9346189199042123,0.26406493344094945,353.9352642266729,0.3603283049325315,259.3798230974977,,0.9384779117547681,0.29235963486307365,321.0011916297212,0.22343606125024154,420.0207909607311,,0.0,0.29287687428240133,322.16661816765577,0.2974808735093842,317.1805669855895,0.0,0.0,0.15055645867200199,0.0,
1,76.722183,30.687605,0.5716126894698998,1.0,57.161268946989985,1.0,57.161268946989985,,0.5716126894698998,0.25216451096279074,226.68244920247588,0.18116042176461503,315.5284603016692,,0.5828477483285348,0.06989846106319152,833.8491856088403,0.26717178697147315,218.15467678507815,,0.0,0.0610696952205972,0.0,0.32268895266123065,180.62215750547472,,0.0,0.27823619793995463,0.0,
1,76.712171,30.668876,0.06337497047276774,1.0,6.337497047276774,1.0,6.337497047276774,,0.06337497047276774,0.3607296548106031,17.568550194755137,0.18052079714717165,35.106741978931424,,0.10981993297376691,0.2895649153155197,37.92584224304364,0.12464818188907717,88.1039188132678,,0.0,0.19889686855295527,0.0,0.10498890487972608,162.72918410104583,,0.0,0.18067676688904172,0.0,
1,76.700611,30.666119,0.12758030279556376,1.0,12.758030279556376,1.0,12.758030279556376,,0.12758030279556376,0.3184826483539526,40.058792356491146,0.20658156846299014,61.75783432413054,,0.0,0.29463068777521495,60.859088369595625,0.05582931432166073,321.1745528594047,0.0,0.0,0.22003433633885514,0.0,0.0,,,0.0,0.07852799328999792,0.0,
1,76.698059,30.669402,0.11689804070836407,1.0,11.689804070836407,1.0,11.689804070836407,,0.16583760869016628,0.3306793612502967,50.15057730338395,0.27053834358780243,61.2991143846285,,0.17346909659587478,0.2659831779658298,65.21807052706164,0.07097076353557841,244.4233201872104,,0.0,0.25058543501831687,96.46426699431306,0.07688606311791464,314.3943040941154,0.0,0.0,0.0,,
