Ward,x,y,fill_ratio_0,distance_from_0_0_0,fill_per_m_0_0_0_0,distance_from_0_1_0,fill_per_m_0_0_1_0,distance_from_0_2_0,fill_per_m_0_0_2_0,fill_per_m_0_0_1_1,fill_per_m_0_0_2_2,fill_ratio_1,distance_from_58_0_0,fill_per_m_1_58_0_0,distance_from_180_1_0,fill_per_m_1_180_1_0,distance_from_79_2_0,fill_per_m_1_79_2_0,fill_per_m_1_180_1_1,fill_per_m_1_79_2_2,fill_ratio_2,distance_from_234_0_0,fill_per_m_2_234_0_0,distance_from_297_1_0,fill_per_m_2_297_1_0,distance_from_67_2_0,fill_per_m_2_67_2_0,fill_per_m_2_297_1_1,fill_per_m_2_67_2_2,fill_ratio_3,distance_from_264_0_0,fill_per_m_3_264_0_0,distance_from_70_1_0,fill_per_m_3_70_1_0,distance_from_151_2_0,fill_per_m_3_151_2_0,fill_per_m_3_70_1_1,fill_per_m_3_151_2_2,fill_ratio_4,distance_from_57_0_0,fill_per_m_4_57_0_0,distance_from_278_2_0,fill_per_m_4_278_2_0,fill_per_m_4_278_2_2,fill_ratio_5,distance_from_127_2_0,fill_per_m_5_127_2_0,fill_per_m_5_127_2_2,fill_ratio_6,distance_from_193_2_0,fill_per_m_6_193_2_0,fill_per_m_6_193_2_2
2,76.731578,30.712854,0.5353101314525917,1.0,53.531013145259166,1.0,53.531013145259166,1.0,53.531013145259166,,,0.5353101314525917,0.6138842496335936,87.20049940556382,0.3706159037458672,144.43798176012865,0.5416254814410852,98.83400057698715,,,0.5661557656537977,0.43383380483315725,130.50061091286523,0.1606990694979379,352.30805469042406,0.4049473397184635,139.8097258886583,,,0.5661557656537977,0.33515968506084054,168.9212011137393,0.17067725553018168,331.7113132005346,0.6481560380381063,87.3486834077001,,,0.6021338953040967,0.4938477794062511,121.927022943798,0.5066805276253451,118.8389650824183,,0.6261568697939038,0.513326970926071,121.98012285703227,,0.0,0.07461910767238147,862.1095287141823,0.0
2,76.713972,30.720256,0.6238958362916385,1.0,62.389583629163845,1.0,62.389583629163845,1.0,62.389583629163845,,,0.6287135706478043,0.45409830330592965,138.4531864732018,0.4754171768410005,132.24460563781284,0.3947664859191884,159.2621443494336,,,0.6557992211877437,0.26893825432919366,243.84750426207984,0.2734651040755641,239.81093434375913,0.18909218121392338,346.8145625999344,,,0.6612360384914515,0.18791673954871438,351.87713456471334,0.38182963092531047,173.17567442030074,0.4822319398285814,137.1199175912115,,,0.6612360384914515,0.35553612034283716,185.98280193130122,0.22455833479097428,294.46069730920925,,0.6612360384914515,0.18131887353507084,364.6813073563215,,0.6612360384914515,0.20711562008046178,319.259377073815,
2,76.745708,30.691201,0.6950352288585532,0.8729244841644945,79.6214611306034,0.8729244841644945,79.6214611306034,0.8729244841644945,79.6214611306034,,,0.6950352288585532,0.963001155318763,72.17387279545783,0.5880095098965942,118.20135850877314,0.8820333610227913,78.79919961900328,,,0.724677967148488,0.7371697554734421,98.30543938730486,0.4110643254752561,176.29308169971802,0.7288915623537949,99.42191741228284,,,0.7345289417245026,0.6266028854324808,117.22399605892835,0.24585374237346397,298.76663036868354,1.0,73.45289417245026,,,0.7372958085945113,0.8284972262801601,88.99194652767508,0.8187963679069635,90.04629691741467,,0.7513233579057605,0.6141426293527351,122.33694943104742,,0.751904069995836,0.2719391213848548,276.49720502395945,
2,76.732449,30.702766,0.09808258078424459,1.0,9.808258078424458,1.0,9.808258078424458,1.0,9.808258078424458,,,0.15039232885866052,0.7646860169566839,19.667200069539074,0.4083912479337374,36.82555138475007,0.6893229768400845,21.817396766327423,,,0.15039232885866052,0.5565844901441496,27.02057486720668,0.2487957910453067,60.44810011728595,0.5467730754874601,27.50543792314252,,,0.21325515054992772,0.4494054496009669,47.452729097806845,0.17762748618048024,120.05751763735913,0.8004301381063259,26.642568838606092,,,0.2222113275236664,0.639492721423366,34.74806203096015,0.6283037983683191,35.36686044247078,,0.2724426611721927,0.42107321234958495,64.70196943946279,,0.2724426611721927,0.10389079468903858,262.23946210793383,
2,76.735551,30.722152,0.36753442229153144,1.0,36.753442229153144,1.0,36.753442229153144,1.0,36.753442229153144,,,0.4156727395547673,0.49201964121804076,84.4829565189167,0.4516499870781461,92.03426357739409,0.41797296213451207,99.44967191944714,,,0.4156727395547673,0.275146373414845,151.073312141406,0.19442488838191652,213.7960541030348,0.22091914484061562,188.1560513257729,,,0.42456060746649293,0.17194977409034604,246.90966284341835,0.331147015051732,128.20909993712846,0.5204566315845758,81.57463690564975,,,0.469092691365233,0.36057319561904594,130.09638460781218,0.35133184212167934,133.51841055237136,,0.48276924696845896,0.3703759813925303,130.3457219751009,,0.5028371153698177,0.19496849741117342,257.9068526693178,
2,76.748739,30.719108,0.47601812936876653,1.0,47.601812936876655,1.0,47.601812936876655,1.0,47.601812936876655,,,0.5276130385757687,0.5275185696689187,100.01790816708296,0.25984472397446906,203.0493559790766,0.4483875181964093,117.66898434149897,,,0.548858162336431,0.30888171400843567,177.69202171723302,0.11293904669478556,485.9773288326968,0.4191052965548132,130.95949081250706,,,0.5932554961158117,0.32358814527266616,183.33659770382346,0.1755440259788735,337.9525408555967,0.563258183718413,105.32567715205984,,,0.5932554961158117,0.39606584300697995,149.7870888364783,0.5114217461087679,116.00122611713105,,0.6118126653647094,0.5377832107797396,113.76566860048186,,0.6462993707280804,0.2896868351312008,223.10277594608945,
2,76.756675,30.701723,0.7869033862552951,0.900207255034524,87.41357969005885,0.900207255034524,87.41357969005885,0.900207255034524,87.41357969005885,,,0.8009969700202323,0.955423542841943,83.83684660288326,0.511088698504882,156.72367093293906,0.8614383721059106,92.98366499069219,,,0.8155405286606225,0.695911423409844,117.1902775592642,0.40943398317576774,199.18730788658436,0.6836645350061511,119.28957652502552,,,0.8258657524089373,0.6087202278697064,135.67246734992844,0.2994004012102807,275.83989502702747,1.0,82.58657524089374,,,0.8313848779680935,0.7992951112194797,104.01475829117165,0.8119520764294501,102.3933434130865,,0.8428282797244668,0.8246312079532733,102.20669210620326,,0.857934611490404,0.4349695767342369,197.24014215702158,
2,76.743005,30.717842,0.2152018720172375,1.0,21.52018720172375,1.0,21.52018720172375,1.0,21.52018720172375,,,0.2903912993839995,0.5660653652196993,51.29995884332083,0.3047783787741505,95.27949474368317,0.48844531085545884,59.45216238751698,,,0.3289612441983647,0.3284826519498824,100.14569787647577,0.14064230343300113,233.89921536308918,0.341652709517403,96.28527303735846,,,0.34505772681564173,0.34724472145190965,99.37018635528177,0.19138226114970303,180.29765389057175,0.6028664781307488,57.23617738467225,,,0.35422849689085756,0.43713791493918347,81.033578828352,0.5314790917327916,66.64956390588377,,0.4057856241457901,0.45805991049120015,88.58789316677948,,0.4261343753463706,0.23105717397472156,184.42810842696065,
2,76.752876,30.717853,0.4543773345599609,1.0,45.43773345599609,1.0,45.43773345599609,1.0,45.43773345599609,,,0.4633700044661913,0.7251840054282779,63.896886996636816,0.23662956715137923,195.82083931622932,0.6452676913797816,71.81050758567551,,,0.4633700044661913,0.39454910423989975,117.44292395717771,0.2010913100432566,230.4276621234981,0.4941052294295596,93.7796195764105,,,0.48204158428052785,0.41382137572918926,116.48542403860328,0.1673624789135905,288.0224930997865,0.6509692680306471,74.04982200447498,,,0.49433965059234725,0.5924267983526684,83.44316157995094,0.6035283806579902,81.90826917756524,,0.5092586893245354,0.6139702764086663,82.9451699687114,,0.5160896464905442,0.2826379922910914,182.59740748477256,
2,76.756587,30.685461,0.9553346865039283,0.6666371171490626,143.306554934941,0.6666371171490626,143.306554934941,0.6666371171490626,143.306554934941,,,0.9593624347116854,0.9643455520588625,99.48326434061543,0.6089446389787686,157.54509906197472,0.8891715792739683,107.89396074658951,,,0.9607739534215157,0.7567661007934046,126.95784766445358,0.4798812109392314,200.21078790333823,0.7469793005629183,128.62122855311833,,,0.9632635179141842,0.6870351491511901,140.20585687708487,0.35579983156774964,270.7318645064519,1.0,96.32635179141842,,,0.9636857413129389,0.8394663357120695,114.7974254971763,0.8495900004432427,113.42950609237054,,0.9641252346304611,0.8597313948849785,112.14261109534674,,0.9670910278864607,0.5480608129072293,176.45688308865846,
2,76.761424,30.727588,0.9631151115891738,0.924111045481394,104.2207120343921,0.924111045481394,104.2207120343921,0.924111045481394,104.2207120343921,,,0.9650272537932464,0.5211577082102776,185.16990895275708,0.0551447135262847,1749.9905105740854,0.592333136444182,162.91968056799487,,,0.9667635147815298,0.4033549911399882,239.68056327980466,0.31968103957471944,302.41503095324083,0.65126993502658,148.4428288159922,,,0.9696963566400404,0.46408741878322507,208.94691762652263,0.5009214412285883,193.5825214951287,0.5645599527466036,171.76144923536185,,,0.970609300141922,0.5162315416420554,188.01820924280582,0.8241464855286473,117.7714541267899,,0.9709457873227075,0.8493916125221501,114.31073406053765,,0.9737231342185771,0.5518960425280567,176.43234580162368,
2,76.742796,30.699565,0.45944676840598664,1.0,45.94467684059866,1.0,45.94467684059866,1.0,45.94467684059866,,,0.45944676840598664,0.8880865687517898,51.73445749232999,0.4780407478623736,96.11037771580507,0.8013541709282821,57.33379635046602,,,0.45944676840598664,0.6486008264124697,70.83659929131929,0.36910362885079573,124.47636178394514,0.637299022214949,72.09280924504915,,,0.4632112431750972,0.5681381172523831,81.53144967904444,0.12186515566828948,380.1014659480957,0.9292230904553451,49.84930399739753,,,0.4635067882837622,0.7440064640183284,62.29875823664132,0.8058646647301886,57.51670330885507,,0.4834199368388174,0.7673873910731088,62.99555380533508,,0.4834199368388174,0.286012355275539,169.02064820699778,
2,76.76223,30.718974,0.7807615860684398,0.8502376506535393,91.82862996813932,0.8502376506535393,91.82862996813932,0.8502376506535393,91.82862996813932,,,0.7810270503590024,0.5716346969954167,136.63044851269143,0.14278136139874384,547.0091072866558,0.5858406891868952,133.3173104522685,,,0.7810270503590024,0.46027839076557453,169.68579582020595,0.38901502291631296,200.7704084289365,0.7015362417246647,111.33096252289357,,,0.7965794464165848,0.5148213376336784,154.72929892105438,0.33369758954337125,238.71297587333999,0.5998132744865049,132.80457107231078,,,0.8127428017484398,0.5263537599728398,154.40999258566669,0.8420684094381259,96.51743167645326,,0.8246541580953943,0.8647407061619419,95.36432738959782,,0.8380137895733789,0.4985359022237311,168.09497286662778,
2,76.750081,30.70896,0.4161539981797615,1.0,41.615399817976154,1.0,41.615399817976154,1.0,41.615399817976154,,,0.4161539981797615,0.7180687014782516,57.954621517836166,0.33046513201782796,125.92977529541932,0.6360832616283004,65.42445357144832,,,0.4663729102766569,0.5822319762551603,80.10087547515103,0.2520278827840245,185.048140358468,0.48100702870457207,96.95760819393281,,,0.5104493452588871,0.47026577591290986,108.5448636503412,0.14580453046899924,350.0915531341587,0.7569537768410469,67.4346784276732,,,0.5414919496323133,0.5818742567652491,93.05995983437577,0.6648845146133247,81.44150416064774,,0.5679570291062241,0.603975520385177,94.03643193088645,,0.581019124631203,0.35183162046928934,165.1412467862362,
2,76.728869,30.724373,0.05816379550547579,1.0,5.816379550547579,1.0,5.816379550547579,1.0,5.816379550547579,,,0.13586993600591935,0.43250071276966456,31.414962332854962,0.42043906611334625,32.31620155137776,0.36534197104571237,37.18979662178453,,,0.14035966007460768,0.2387461589634745,58.79033224408069,0.191845915037856,73.16270458347326,0.15049735483257834,93.26387180077126,,,0.20473179275983,0.1470364621281718,139.23879138316394,0.3002819400006336,68.17985549160834,0.4567507206893275,44.823529221989865,,,0.26855888021543717,0.32093642094592456,83.67977664357619,0.1750166312921722,153.4476342234618,,0.3151078932993753,0.2113362055310926,149.10265494144844,,0.3177786994199108,0.1966373111160389,161.60651181422247,
2,76.760024,30.686268,0.7648098009029954,0.6206805846609791,123.22115751707311,0.6206805846609791,123.22115751707311,0.6206805846609791,123.22115751707311,,,0.77979615512254,0.9720207980780191,80.22422531127259,0.6216538505379267,125.43896485926538,0.8991661478838043,86.72436756630543,,,0.77979615512254,0.7586300625169884,102.7900413721184,0.4591622898929408,169.83018254925918,0.7052758025059405,110.56612921524014,,,0.790171453415324,0.6570947575165061,120.25228391743408,0.36932371173793727,213.95091306133347,1.0,79.0171453415324,,,0.80290992581025,0.8426816543766277,95.28033767439749,0.8335978395251165,96.31861885194559,,0.80290992581025,0.8523266315355681,94.2021398960293,,0.80290992581025,0.5496847846101238,146.06733682463698,
2,76.744236,30.729776,0.3944762785700353,1.0,39.44762785700353,1.0,39.44762785700353,1.0,39.44762785700353,,,0.4252587155897271,0.5380401105548397,79.03847821888041,0.2719511355477088,156.37320827260285,0.45463218876943806,93.53906874495254,,,0.4493284966004396,0.30758638326333493,146.08205078303305,0.1823859780267338,246.3613165122693,0.37375207782116476,120.22100297605226,,,0.4582622279468265,0.19997245964846708,229.16267007587382,0.33011045648132664,138.8208761489956,0.575711377115935,79.5993003026138,,,0.5066135858073971,0.39948263482477453,126.8174237484975,0.4722580137505041,107.27474623120811,,0.5436756901502366,0.4988541246594341,108.98490425861509,,0.5436756901502366,0.37274882215817995,145.85577682107927,
2,76.752546,30.683652,0.48785404392636245,0.6980586140878259,69.88726076589657,0.6980586140878259,69.88726076589657,0.6980586140878259,69.88726076589657,,,0.5150132532304404,0.9651572773816847,53.36055224362893,0.6178475825803713,83.35603597889713,0.8916947493351123,57.75667666703852,,,0.5230530987235411,0.7597567420061855,68.8448117409773,0.46387947987144057,112.75624842653093,0.752739684492303,69.48658473829799,,,0.5629755158160992,0.6594388086595688,85.37191145308097,0.3104224961666075,181.35783416738695,1.0,56.297551581609916,,,0.605433873126982,0.8431211178779032,71.80864768881973,0.8338170193965331,72.60992028744614,,0.6311710920646357,0.862924813528194,73.1432312722589,,0.6521713750974338,0.44945552831512653,145.10253718365152,
2,76.755438,30.729956,0.6152194382310109,1.0,61.52194382310109,1.0,61.52194382310109,1.0,61.52194382310109,,,0.6295397018814199,0.44025547361407863,142.9941794280257,0.14888460036299309,422.8373521146912,0.46148367679830915,136.4164614118214,,,0.6538772821855462,0.3219036460128197,203.12826222524544,0.28262917269740623,231.3551980303224,0.5578261768557448,117.21882358967181,,,0.6538772821855462,0.3809474578996945,171.6450047443854,0.45598134491235326,143.40000736460647,0.48134491235325205,135.84381290929176,,,0.6566105842896482,0.39707537850070074,165.3616970079875,0.7010591127346245,93.65980305546621,,0.6866124692413846,0.703930893468422,97.53975505440518,,0.7039650967562878,0.5084315482344293,138.45818561040616,
2,76.75884,30.716926,0.4598004237693202,0.9136635944700461,50.324914613241106,0.9136635944700461,50.324914613241106,0.9136635944700461,50.324914613241106,,,0.4598004237693202,0.7953225806451613,57.81307295416316,0.2298963133640553,200.0033915468654,0.6952995391705069,66.12983295197672,,,0.48807397862206237,0.41391705069124424,117.9158910721304,0.33653225806451614,145.03036987571465,0.6983986175115208,69.88472863264383,,,0.5318813956517126,0.4731336405529954,112.41673600508584,0.298963133640553,177.90869033745145,0.7310483870967742,72.75597690106162,,,0.5547099984066732,0.6307027649769585,87.95109665119963,0.8285023041474654,66.95334408001118,,0.5898427187184974,0.8531221198156682,69.1393066734623,,0.5914611801916143,0.4554608294930876,129.85994445447494,
2,76.749401,30.722265,0.32467592689006,1.0,32.467592689006,1.0,32.467592689006,1.0,32.467592689006,,,0.32467592689006,0.533478458237042,60.86017567850806,0.2375371409706174,136.68427832522468,0.445990838560581,72.79878840963181,,,0.34162430968517327,0.2917526411356884,117.09381905005294,0.1248761967646088,273.57039895211886,0.4601663090128756,74.23931369899888,,,0.3499372733241685,0.3577707164080555,97.81048511668781,0.29077253218884125,120.34743126868082,0.5729923241994057,61.07189547662905,,,0.3806523051933431,0.38814377682403434,98.06992354946668,0.5654506437768241,67.31839628846218,,0.39770797474016745,0.5913874215912843,67.24998879246179,,0.43041391238394133,0.33549645097391884,128.29164396060966,
2,76.739919,30.725365,0.13071037674019947,1.0,13.071037674019948,1.0,13.071037674019948,1.0,13.071037674019948,,,0.18457063491382492,0.4895843324642711,37.6994570036194,0.2844362285604667,64.88998811717407,0.4156413766643705,44.40622259387455,,,0.18964856683294593,0.2530889495391645,74.93356275659858,0.09655310726088435,196.41891619346822,0.2757775781938038,68.76866787903607,,,0.24174459455027061,0.16196820801688133,149.25434905415173,0.22959810957160173,105.290324472328,0.5246549183401201,46.07687569480744,,,0.25835560541696245,0.3667500850169598,70.44459319075963,0.40341637383047185,64.04192347570195,,0.25835560541696245,0.38668329220547076,66.81323207512177,,0.3298522644886276,0.26795601789280016,123.09940529889124,
2,76.737358,30.730679,0.15004866469398426,1.0,15.004866469398426,1.0,15.004866469398426,1.0,15.004866469398426,,,0.15004866469398426,0.32131976912654964,46.6976137515176,0.3015451605071698,49.75993129573591,0.2549084102780976,58.863756017420364,,,0.1890019889178728,0.13782706419503638,137.1298083012345,0.17188638018936636,109.95751304416922,0.20718307763393873,91.22462658451808,,,0.239359172242781,0.07621643211239809,314.0519250360508,0.3080688234695236,77.69665542493954,0.35270070248807656,67.86467125079594,,,0.29591996143435806,0.21099703185082505,140.24840010241167,0.2867122461605933,103.21148308001024,,0.362224988969849,0.3067922843784508,118.0684806672054,,0.4196300451674879,0.3420184980695283,122.69220744960471,
2,76.764624,30.706718,0.5094221281497897,0.7436967398952389,68.49863671871813,0.7436967398952389,68.49863671871813,0.7436967398952389,68.49863671871813,,,0.5094221281497897,0.7004045813462592,72.73255225867042,0.33627159721679306,151.4912744240386,0.6155597685872879,82.7575410457567,,,0.5371559794678176,0.4923676804002815,109.09651483036507,0.4372019388632633,122.86221348067153,0.6897232429051677,77.87993010142372,,,0.5824732660712023,0.6578062700336175,88.54784343138516,0.3158568524743961,184.41052062292002,0.7613751856774295,76.50279087477087,,,0.6071782044364721,0.5607751544054413,108.27480491360735,0.8545266202798845,71.05433464876752,,0.6071782044364721,0.8140196231725433,74.59011885611163,,0.6071782044364721,0.5380931905245876,112.8388567498008,
2,76.756082,30.691572,0.4376031240553919,0.7548995626351478,57.96839019588768,0.7548995626351478,57.96839019588768,0.7548995626351478,57.96839019588768,,,0.49064141454803867,0.9606469477412601,51.074061672882934,0.568378619022925,86.3229893115049,0.8776748236353141,55.90241412141803,,,0.49064141454803867,0.7315342993845583,67.07018590390315,0.4092639159320177,119.88386843992825,0.7207322681330295,68.07540556203851,,,0.5014726384233082,0.6545698267174154,76.6110226831154,0.3814956508125985,131.44911019435077,1.0,50.14726384233082,,,0.5117917848227947,0.8228134203496962,62.20022330278509,0.8339872606479263,61.366858820503175,,0.5273591248479745,0.845180669843351,62.39602296461859,,0.5647218489462075,0.5011790260559866,112.67866761908797,
2,76.7473,30.693785,0.1213849394224289,0.900461366616483,13.48030508832792,0.900461366616483,13.48030508832792,0.900461366616483,13.48030508832792,,,0.18250299741474385,0.943703559807683,19.33901758852495,0.5808848526055073,31.418102330632813,0.8613277645573308,21.188565482797262,,,0.2193916785463933,0.7326307610120927,29.94573668232476,0.4008935942887669,54.72566328619451,0.7055412558884949,31.09551379389023,,,0.25237616048213796,0.6201447234228546,40.696332799408765,0.22475838958768393,112.28775973396073,1.0,25.237616048213795,,,0.30487869998170486,0.8068767908309457,37.785037746312135,0.8156670389976204,37.37783745146459,,0.3156155260107423,0.8364236802486523,37.73393000027402,,0.3420697581545042,0.3281142246612598,104.2532546425416,
2,76.761523,30.688901,0.3986630277723131,0.6455847991888198,61.752232746687184,0.6455847991888198,61.752232746687184,0.6455847991888198,61.752232746687184,,,0.45447212839708473,0.9718555746594365,46.76334017596633,0.6195388617025966,73.35651667566408,0.8986024776264162,50.57543682691985,,,0.4796916397414984,0.7572807829652163,63.34396046116647,0.4561389586915311,105.16348814351004,0.7036282678658026,68.17401483832742,,,0.5063654951402614,0.6551778865229467,77.28671946294797,0.36579817484459726,138.4275619623804,1.0,50.63654951402614,,,0.5365157069366296,0.8418022307454922,63.7341750046797,0.8326676365560112,64.43335652574504,,0.5365157069366296,0.8515011241899219,63.00822062296693,,0.5612373393929064,0.5471674822554335,102.57139862907728,
2,76.761706,30.696475,0.24120145759954148,0.7337682941339785,32.87161076974806,0.7337682941339785,32.87161076974806,0.7337682941339785,32.87161076974806,,,0.31645985214175815,0.937214928806568,33.76598498540054,0.5396918256455002,58.63714014257216,0.8531313211438543,37.093920279173176,,,0.33022387508321005,0.767619878634038,43.01919273779567,0.42896521635664137,76.98150397552564,0.6940863840082496,47.576768928417,,,0.34765726736594266,0.6527981596795304,53.25647173034518,0.31474834410819813,110.455630307123,0.9770852338079562,35.58105837000848,,,0.40843954411361766,0.7975350017847935,51.212742161732834,0.8523975726807599,47.916554106212416,,0.43390795728693426,0.8202018799825486,52.9025801911313,,0.4835593571522319,0.4715920358545195,102.53764279034691,
2,76.754223,30.73939,0.4870619188189359,1.0,48.70619188189359,1.0,48.70619188189359,1.0,48.70619188189359,,,0.530251231026602,0.25308049799607746,209.51880339464972,0.2760083567834911,192.11419436931985,0.3126438986953185,169.60229617125802,,,0.5529386343380586,0.21774537392342455,253.9381775947685,0.42449049202694633,130.25936851913244,0.44328259571928025,124.73727587721957,,,0.5923662171423434,0.272544128933231,217.3469006508901,0.5880340240470708,100.73672490334093,0.29223160228532447,202.70436616364927,,,0.5963012882685361,0.31959367272107103,186.58106813928222,0.5992687814445298,99.50481432240797,,0.620267297930173,0.6220474119553168,99.71382984786509,,0.6408263152960988,0.6340176515732924,101.0738918239754,
2,76.742851,30.7107,0.10566468426174391,1.0,10.566468426174392,1.0,10.566468426174392,1.0,10.566468426174392,,,0.15826969027466858,0.7446625908854216,21.25387957067672,0.30146959557192726,52.49938720168788,0.6066710381670556,26.088222499107786,,,0.15826969027466858,0.45211278471003447,35.00668320542537,0.12276523114308305,128.92061441256527,0.5082254922759445,31.14162762003583,,,0.15826969027466858,0.3404466644809164,46.48883563479304,0.11495438853638308,137.68042463605138,0.7175657171510674,22.056473224925327,,,0.18139467548135438,0.608821430637789,29.794397232589034,0.5345605677807563,33.933418664683714,,0.2092767139130225,0.5551580490250911,37.69678099426492,,0.24820603605011082,0.24818229156621854,100.00956735621322,
2,76.760074,30.707197,0.31540689574801273,0.9372924540832962,33.65085191649082,0.9372924540832962,33.65085191649082,0.9372924540832962,33.65085191649082,,,0.3322943607096341,0.8855855964643233,37.522557055614996,0.3960730803134774,83.89723443124063,0.9510704841027376,34.93898362571187,,,0.3432918968110037,0.6002318476567688,57.19321594666676,0.36359025756825625,94.41724294456873,0.7573931629092051,45.325454945010755,,,0.3432918968110037,0.6757272408921304,50.803323595149394,0.2987815922620845,114.89727135193648,0.9287792979363144,36.96162237614203,,,0.3769592017989091,0.8833757984857451,42.6725751877152,0.8971659039039764,42.016666054582366,,0.43241587852664354,0.9109801601197881,47.46710164025785,,0.458676611209463,0.48643328945938447,94.29383661616377,
2,76.753596,30.742354,0.5270414639116516,0.9237065851075411,57.05723791611723,0.9237065851075411,57.05723791611723,0.9237065851075411,57.05723791611723,,,0.5327879752184518,0.3152497748215894,169.0050295896245,0.32963149924280666,161.63139033809387,0.24343023428452654,218.86680460394973,,,0.5339182435175235,0.21056903326701706,253.55971637124617,0.4659262998485613,114.59285378203836,0.4665201769753838,114.44697783043497,,,0.5680119604253838,0.2614544050835882,217.25086645367008,0.5909968227573714,96.11083148894967,0.35065474953232173,161.98610205136464,,,0.6001170177199092,0.3003236630341182,199.82342105747858,0.5648365353208421,106.24614028889383,,0.6033232800349423,0.592402331957518,101.84350187166505,,0.6186156398227947,0.660490344547713,93.66005800530012,
2,76.755728,30.720117,0.011031264428647214,1.0,1.1031264428647214,1.0,1.1031264428647214,1.0,1.1031264428647214,,,0.025613858317998693,0.5927280939476062,4.321350477486025,0.22787714543812104,11.240205009920144,0.6599638663053298,3.881100106494094,,,0.08960960153557926,0.3032700993676603,29.54778651849346,0.23095754290876241,38.79916646453876,0.5150767841011743,17.39732876758383,,,0.16288754166511826,0.3497109304426378,46.57776680269829,0.2018789521228546,80.68574754934933,0.625040650406504,26.060311686797018,,,0.2053636272059716,0.6093224932249323,33.703601867551825,0.6167118337850045,33.29977080958116,,0.25917009611627156,0.6299728997289973,41.139880180204855,,0.2869756580771483,0.3242095754290876,88.51547882178969,
2,76.746844,30.686661,0.06817230938549357,0.8572543732037043,7.952401471073531,0.8572543732037043,7.952401471073531,0.8572543732037043,7.952401471073531,,,0.13120746495753358,0.9716850583685199,13.503085575673431,0.6172337934215661,21.257336580714373,0.8979881488840791,14.611269104228578,,,0.13356775023324563,0.7558102402157328,17.672127622287977,0.45284391299719684,29.49531756962634,0.7018326650817868,19.031281511766135,,,0.2079372412430087,0.653088741439875,31.83904851652567,0.3192970939928325,65.12343681013157,1.0,20.79372412430087,,,0.24134868032449902,0.8408437710676648,28.703153740206165,0.8316538338714827,29.02032919165201,,0.27818800697124224,0.6415126139871553,43.364386125198195,,0.27818800697124224,0.3235904623354504,85.96916144050573,
2,76.740917,30.734954,0.1463739921622491,1.0,14.63739921622491,1.0,14.63739921622491,1.0,14.63739921622491,,,0.1846685623597792,0.2998906819762864,61.578626299026425,0.27678864927261465,66.71825699683784,0.2398269258701485,77.00076281666797,,,0.21316491564157558,0.1175436316517724,181.3496083506123,0.20507449679308315,103.94511212998637,0.18795055461696644,113.41542251683946,,,0.2806892970431137,0.06550672344068924,428.4892943809866,0.32235821146539667,87.07372328663143,0.32797700499193494,85.5820050707567,,,0.2806892970431137,0.19058030287972724,147.2813784015513,0.2998295250399431,93.61629646237157,,0.2893611929681844,0.3161584270435972,91.52411203269381,,0.3031919180817749,0.35534473400555,85.32331819416788,
2,76.756212,30.681968,0.17483862726041255,0.6306659112118383,27.722859940924398,0.6306659112118383,27.722859940924398,0.6306659112118383,27.722859940924398,,,0.22566736723284275,0.9734118784162111,23.183132673500413,0.640472936941741,35.234489112124656,0.9041794427409678,24.958250162019294,,,0.22566736723284275,0.7706389148113584,29.283152316293677,0.4860601919744034,46.42786448241511,0.7199373416877749,31.345417742022196,,,0.2551230230918757,0.6741517797626982,37.84355849089045,0.4006882415677909,63.67120285178431,1.0,25.512302309187568,,,0.2551230230918757,0.8505115984535395,29.996419044226844,0.8418710838554858,30.304286248138876,,0.3063909862950489,0.8596770430609252,35.640242899138926,,0.3063909862950489,0.3620683908812158,84.6224067086726,
2,76.764698,30.740955,0.3118161330852596,0.926028043130663,33.672428756162645,0.926028043130663,33.672428756162645,0.926028043130663,33.672428756162645,,,0.3435797738402208,0.3404944446722152,100.90613201368843,0.2958058300192694,116.15044024583264,0.4088393259808946,84.037848613486,,,0.38652111782498033,0.38351236111680537,100.78452665760585,0.41514288057070237,93.10556338907334,0.5718297732770284,67.59373783738373,,,0.40516758767240824,0.436205977614694,92.88446478610562,0.5723935058013202,70.78479814427583,0.25811774834980117,156.97006124636,,,0.45887470847926415,0.4629883973596819,99.11149201494526,0.7218338731499324,63.57068094862751,,0.45887470847926415,0.7437271944569719,61.69933167689382,,0.5018514561093566,0.6166208847525727,81.38735948113906,
2,76.756494,30.708804,0.05778056099636664,1.0,5.778056099636664,1.0,5.778056099636664,1.0,5.778056099636664,,,0.06504114185002012,0.8719183031539574,7.4595454201098015,0.33075108390716657,19.664679880013793,0.7818052367593302,8.319353566832438,,,0.11158456325847188,0.5004781943381791,22.295589402457136,0.2648133979427017,42.13705353481235,0.6113555215506249,18.251992388234584,,,0.19249879035127498,0.5046969310550029,38.14146243149953,0.20777012666836692,92.649888334781,0.7929949842727195,24.274906420476498,,,0.19249879035127498,0.7222222222222222,26.653678664022692,0.71859857179291,26.788084183216334,,0.23331435226485772,0.74130748958599,31.473356946003683,,0.29675904034567346,0.3745111791209726,79.23903394344764,
2,76.761443,30.701343,0.06134962711066816,0.7563601695354356,8.111165762251831,0.7563601695354356,8.111165762251831,0.7563601695354356,8.111165762251831,,,0.11397600777945885,0.9696888050653375,11.753874767253723,0.45169379993575065,25.23302462767275,0.8818018839573467,12.925353172070556,,,0.11397600777945885,0.7147431579601862,15.946428659035547,0.3608120291401984,31.58874942475156,0.7155929076985253,15.927492650259216,,,0.19928331541206018,0.5947419144239837,33.50752832093043,0.31914320355651354,62.44322711286292,1.0,19.928331541206017,,,0.2719572426983223,0.8237080176996653,33.016218957999925,0.8033347495828973,33.8535389934926,,0.30177997770931864,0.8254800567881533,36.55811854298569,,0.36221630710054653,0.46778723095576125,77.43185002302926,
2,76.763248,30.749912,0.432497878330132,0.9009066120152144,48.00696016235122,0.9009066120152144,48.00696016235122,0.9009066120152144,48.00696016235122,,,0.4425669986420652,0.24458551157580286,180.9457133379314,0.3681331087066016,120.21928703913092,0.3011792903416295,146.94469800365715,,,0.451425064326487,0.28074578390676835,160.794957646238,0.5047848967469649,89.429193946897,0.4644823453809681,97.18885309972944,,,0.46095718980418376,0.325390346839884,141.66283489381098,0.638023863695573,72.24764088512606,0.12637858867256022,364.74310612733444,,,0.4773845784909032,0.34836827205307674,137.03445944645895,0.5915730239505358,80.69748943299004,,0.48381292038371365,0.6101220973652675,79.29772130414494,,0.5161383269366963,0.675486739496674,76.40983852936726,
2,76.752629,30.749529,0.30625362078661167,0.9355778484908915,32.73416758216387,0.9355778484908915,32.73416758216387,0.9355778484908915,32.73416758216387,,,0.3341071435769642,0.10571995872820442,316.0303386382516,0.3473940676129122,96.17525879838769,0.15750045520362776,212.130906634528,,,0.3686056385272529,0.2030294885245333,181.55275925975255,0.44792904025734187,82.29107858590359,0.3572438070630262,103.1804138349198,,,0.3686056385272529,0.2688129156442649,137.1234851732531,0.6417070569568121,57.441418873481496,0.1547432218012191,238.20470728001152,,,0.4130359743688714,0.21269714652354488,194.18971110792484,0.44821516825193136,92.15127100221504,,0.4130359743688714,0.4675158020687921,88.34695480690846,,0.46976119829367724,0.6183659490345348,75.96815429878106,
2,76.760178,30.737124,0.2160381825095996,0.8916237586436103,24.2297471792642,0.8916237586436103,24.2297471792642,0.8916237586436103,24.2297471792642,,,0.27450086367699644,0.26104943599511893,105.15282771272834,0.22408405012053928,122.49906386881929,0.4327608956615772,63.43014501283834,,,0.2794101974884808,0.4082462771709475,68.44157880011275,0.3395934402809607,82.27785473633186,0.5247874440707561,53.242546224259215,,,0.33622490902504343,0.4592497792593034,73.21177368170336,0.5900473228369891,56.98270223622919,0.3966288679226564,84.77065998398487,,,0.3705717089461296,0.3796243935831423,97.61535749808709,0.7632469220314096,48.55200830156503,,0.3941471273047665,0.784447949839777,50.245159973363535,,0.3941471273047665,0.5346091649553062,73.72621966511133,
2,76.764892,30.731457,0.1097361986775035,0.9213808730132792,11.909971423502945,0.9213808730132792,11.909971423502945,0.9213808730132792,11.909971423502945,,,0.18044071219179542,0.4079000403063281,44.23650266283048,0.16777236728869133,107.55091264898543,0.46875170212534173,38.493878821915516,,,0.246530269614326,0.5639291044369641,43.71653593947165,0.5001579572317177,49.29048234658221,0.7287057311241107,33.831251640360406,,,0.28021455162025083,0.6199331132825692,45.20077176334463,0.5498436768086102,50.96258508357604,0.43617983158491014,64.2428950926178,,,0.29852528742827905,0.5380894800483675,55.47874442768242,0.9653474514417683,30.924128611146667,,0.3678335119652307,0.8672505637439132,42.413752996284785,,0.42242409242114526,0.597056548688955,70.75110278058654,
2,76.757627,30.748752,0.23918010421592562,0.9362678091428677,25.546120659097497,0.9362678091428677,25.546120659097497,0.9362678091428677,25.546120659097497,,,0.2970777952896474,0.20195774428226748,147.098986644669,0.37234755006742937,79.78508123280221,0.2532040402557728,117.32743086941097,,,0.3016725276485076,0.24203920993000197,124.63787488636724,0.4787115950937131,63.01759362846682,0.4715283065603699,63.977607166174316,,,0.3671969308647431,0.28919387539792485,126.97258209894233,0.6209003421924167,59.13943122791015,0.1238498022990193,296.48568188925617,,,0.42242506169244565,0.311596928524903,135.56778742723878,0.5703971450327056,74.05806031308668,,0.4422455479762321,0.5900021100336689,74.95660446892217,,0.4422455479762321,0.6590460813005147,67.10388856323009,
2,76.757658,30.722922,0.13710970572899905,0.8721176244310046,15.72146943119668,0.8721176244310046,15.72146943119668,0.8721176244310046,15.72146943119668,,,0.16347999687248005,0.5613125894898809,29.12459116961017,0.10409676661039044,157.04618135195975,0.5168935524544269,31.627401056989125,,,0.2267837740630213,0.4564144209604,49.688126327344456,0.38464086508665823,58.95987521032839,0.6333853354134166,35.80502442719129,,,0.2701179530178648,0.5113371658153997,52.82580087585133,0.37272668988951335,72.4707836452322,0.5995341183510354,45.054642388126275,,,0.2780025588730346,0.4569914303421452,60.83321051882673,0.840937747098925,33.058637197829505,,0.304326132753991,0.7692924155322377,39.55922697397736,,0.31846383212294566,0.5034300002137071,63.258810954404204,
2,76.746288,30.747585,0.2546706220460512,0.969224927530863,26.275698737426634,0.969224927530863,26.275698737426634,0.969224927530863,26.275698737426634,,,0.2811584779973486,0.1786491567648666,157.38024353924163,0.32854218954036507,85.5775869731352,0.10011391314817043,280.8385659456033,,,0.3106241434759095,0.11193124461690913,277.5133471793669,0.471100326921474,65.93587941357686,0.3134556433314502,99.09668244430148,,,0.367721647257344,0.20829435898385765,176.53941712643385,0.6172981283051019,59.56953867120689,0.24978467636626317,147.21545476959042,,,0.367721647257344,0.1590616520184854,231.18183584224883,0.42065439862192877,87.41657010172878,,0.3684618309122576,0.4312492475249358,85.44057364203339,,0.3903937014518115,0.6574455671115144,59.3803838646301,
2,76.743991,30.750429,0.1520248531286481,1.0,15.20248531286481,1.0,15.20248531286481,1.0,15.20248531286481,,,0.1520248531286481,0.1500358037952023,101.32571645109513,0.4153329752953813,36.603126207479505,0.07236842105263158,210.07070614140466,,,0.23179211523219945,0.203625134264232,113.83276237962689,0.5151360544217687,44.996290444547135,0.2785714285714286,83.20742598078954,,,0.296432779722028,0.2967597565341926,99.88981767070328,0.572234156820623,51.8027063202643,0.17558181167203724,168.82886495995598,,,0.317345457535135,0.12934121016827785,245.3552561648808,0.45674901539563195,69.47917714945771,,0.3466948978278548,0.4758771929824561,72.85385871405612,,0.35984672054479727,0.6910848549946295,52.0698316486177,
2,76.727572,30.739281,0.025811906949486985,1.0,2.5811906949486985,1.0,2.5811906949486985,1.0,2.5811906949486985,,,0.05837300598097949,0.2544227380104241,22.943313336478543,0.41728598747609585,13.988729009100354,0.1921181896584049,30.383903827518576,,,0.07766517981191172,0.14297498968840228,54.320815116807594,0.2647493344332371,29.33536357255578,0.10608571749971876,73.20983601031648,,,0.10765065517347389,0.1106303198470134,97.30664732990017,0.37981176647043385,28.343159606102898,0.31474745959728523,34.20223162760752,,,0.1154223725124075,0.14380741685102552,80.26176607565175,0.21583111477745698,53.47809681260242,,0.17783691934903356,0.23185721249390676,76.70105123587956,,0.21086968899765454,0.41216393565563014,51.161606039651105,
2,76.739592,30.718233,0.8408715794259226,1.0,84.08715794259226,1.0,84.08715794259226,1.0,84.08715794259226,,,0.0,0.5699290080103261,149.3833197378122,0.2989825746934437,284.7586931069653,0.4894461106260203,173.94741807747957,0.0,,0.0,0.3476994039709958,0.0,0.0,,0.33722144185869934,0.0,,,0.0,0.2730344330131734,0.0,0.16145932196955318,0.0,0.6081014388216089,0.0,,,0.0,0.43623059109373225,0.0,0.4470786986067348,0.0,,0.0,0.4579268061197373,0.0,,0.0,0.22253331308606353,0.0,
2,76.747891,30.715129,0.6881347060865421,1.0,68.81347060865421,1.0,68.81347060865421,1.0,68.81347060865421,,,0.0,0.577837512165732,120.668318421765,0.24918199935116098,279.82230295773644,0.49923529684386153,139.6669693726853,0.0,,0.0,0.3606618158224035,0.0,0.15434953886082403,0.0,0.5024238772767298,0.0,,,0.0,0.43974602586087036,0.0,0.1810538999860963,0.0,0.6133382768688882,0.0,,,0.0,0.4472632896139408,0.0,0.60971404736525,0.0,,0.0,0.6203179311303704,0.0,,0.0,0.2944338879362284,0.0,
2,76.721468,30.736991,0.2598132087450342,1.0,25.98132087450342,1.0,25.98132087450342,1.0,25.98132087450342,,,0.30083632325741444,0.3017622121449357,99.69317268688481,0.45448234095038337,66.19318203394337,0.23913204035510127,125.80343596394897,,,0.31913383406393725,0.18913868742522047,168.730067025612,0.2459859082113473,129.73663263252558,0.051448322722639925,620.2997827245043,,,0.37311660890724074,0.15568176782522639,239.6662204697689,0.34746451203119694,107.38265232500656,0.35849126279561,104.07969388084341,,,0.0,0.19772079351245958,190.72660245320162,0.07730542548634398,487.8133060356033,0.0,0.0,0.09062172262514956,0.0,,0.0,0.3911653052482312,0.0,
2,76.729602,30.744926,0.14224936868719618,1.0,14.224936868719617,1.0,14.224936868719617,1.0,14.224936868719617,,,0.21826286770326223,0.2333473847153213,93.53559628257166,0.37603571354530185,58.043121927292056,0.10945565867580698,199.40756863903005,,,0.2518507361694914,0.12325595859218973,204.33148956536553,0.2827022880717588,89.08691114150577,0.16272191393643706,154.77370569023057,,,0.2978842126187252,0.12670430594235246,235.10188576720958,0.38944211406497264,76.48998448304121,0.28154823194455,105.80219614996288,,,0.0,0.07234618919609971,0.0,0.15004802808433593,198.52590961828338,,0.0,0.19299688335740497,0.0,,0.0,0.4185422958115364,0.0,
2,76.750709,30.746168,0.8275378955668743,0.9870426383061763,83.84013653016837,0.9870426383061763,83.84013653016837,0.9870426383061763,83.84013653016837,,,0.8321089420470157,0.23458874036491367,354.7096679715453,0.467382183627671,178.03608507034915,0.15184896087423164,547.9846139587396,,,0.8444600679016762,0.13440335642501708,628.3028120453197,0.4501805054151624,187.58254916500746,0.3766123524246268,224.22527101542212,,,0.8567984495600153,0.2486193775002439,344.6225544343078,0.5968094448238852,143.563151855422,0.2615279539467265,327.61256937548865,,,0.0,0.21395258073958437,0.0,0.4762220704458972,179.9157373697057,,0.0,0.5007122646111816,0.0,,0.0,0.641974826812372,0.0,
2,76.727989,30.713761,0.4882411370217782,1.0,48.82411370217782,1.0,48.82411370217782,1.0,48.82411370217782,,,0.5268810769173861,0.5551362102414451,94.91023413663288,0.40811718482531506,129.1004389199894,0.48601216191982266,108.40903133701941,,,0.5520709068998821,0.36427069238168214,151.55512602189344,0.17528815272502,314.95049626424725,0.26680415396403595,206.91990686707933,,,0.5961256950316643,0.26925773162262184,221.39594337337888,0.2457082769526729,242.61522746606013,0.58792122466946,101.3955050469248,,,0.0,0.4403071455354669,135.38860340472175,0.33270839107256395,179.1736280260058,0.0,0.0,0.25775607688420094,0.0,,0.0,0.09099431030828674,0.0,
2,76.735225,30.752778,0.06229179813006269,1.0,6.229179813006269,1.0,6.229179813006269,1.0,6.229179813006269,,,0.06229179813006269,0.06873239078310533,90.62946511875771,0.3528076167216806,17.656024183628332,0.0425228800569855,146.49007321842873,,,0.0749840614408991,0.12017197407668874,62.397295223799354,0.34151227795691746,21.95647602759351,0.2294238486831645,32.68363854555176,,,0.15495757331156476,0.18634128967837543,83.15793755587993,0.4380823364052076,35.37179211175398,0.21870726883033462,70.85158812521013,,,0.0,0.04963334668930822,0.0,0.19217339871401043,122.43186706278894,,0.0,0.27749263831384,0.0,,0.0,0.4665305629225417,0.0,
2,76.724063,30.726649,0.012120774643893273,1.0,1.2120774643893273,1.0,1.2120774643893273,1.0,1.2120774643893273,,,0.0632207101217154,0.3960927885322414,15.961085874849077,0.4282994187171528,14.760867598437274,0.3304565895492929,19.13132076075155,,,0.0632207101217154,0.2032787139020256,31.10050674178603,0.20829431023940181,30.351626047323645,0.0990812480165948,63.806937626710926,,,0.0632207101217154,0.1136481497248388,55.62845525842992,0.3161451117286005,19.99737075675178,0.42722354234231447,14.798039868097806,,,0.0,0.28705774901894004,41.86196401571669,0.1425574897249936,84.2944217315064,0.0,0.0,0.1746867187318591,0.0,,0.0,0.22620494283923,0.0,
2,76.717378,30.731993,0.30327514756759555,1.0,30.327514756759555,1.0,30.327514756759555,1.0,30.327514756759555,,,0.34194929550660397,0.3242918712610159,105.44491731381574,0.4775964720429416,71.59795256524815,0.2636747646718271,129.68601524389274,,,0.34570378545142966,0.2162732022500018,159.84587172839477,0.2712938939754558,127.4277796619727,0.04630086269128231,746.6465317427444,,,0.34570378545142966,0.1838954764100035,187.98928184653494,0.3685128403056228,93.81051286156632,0.379984418666152,90.97841081614435,,,0.0,0.22360643551972326,181.22033159309893,0.06966571606235393,581.6639041643685,0.0,0.0,0.05409867701610309,0.0,,0.0,0.2506450529265033,0.0,
2,76.74202,30.744061,0.13516628915482276,1.0,13.516628915482276,1.0,13.516628915482276,1.0,13.516628915482276,,,0.0,0.16637446655662838,101.59416579822947,0.3632717289979389,46.52901338227173,0.09531425052809825,177.33628545883857,,0.0,0.0,0.05044941802290279,0.0,0.348202755518306,0.0,0.23005413541550856,0.0,,,0.0,0.13942648957914633,0.0,0.4794105824902291,0.0,0.23516835002437378,0.0,,,0.0,0.13216567318629255,0.0,0.3552070059608822,0.0,,0.0,0.3734830538189842,0.0,,0.0,0.5163133183384789,0.0,
2,76.74777,30.729357,0.6502010923981534,1.0,65.02010923981534,1.0,65.02010923981534,1.0,65.02010923981534,,,0.0,0.546109870746188,122.79107360616774,0.26181155575134407,256.12856217675056,0.46120883851783623,145.39490949772122,0.0,,0.0,0.23364804116899107,0.0,0.19227881178602535,0.0,0.4037504630510307,0.0,,,0.0,0.2851092800432514,0.0,0.38604939878455363,0.0,0.5092460027432645,0.0,,,0.0,0.40507203572250977,0.0,0.5641112924380012,0.0,,0.0,0.585506753036113,0.0,,0.0,0.3890830087804487,0.0,
2,76.735219,30.742392,0.3677593508772896,1.0,36.77593508772896,1.0,36.77593508772896,1.0,36.77593508772896,,,0.42297437559904716,0.20272568099936025,208.64370686236933,0.4578016094818007,92.39250514602263,0.1313428061550894,322.0384792902929,,,0.42297437559904716,0.14989561938112395,282.1792773834133,0.3027711370753224,139.70102291944065,0.2244772551264352,188.42638438393675,,,0.0,0.10966699215461799,0.0,0.500648169972053,94.78909564137021,0.2673743223677565,177.48894825018084,,,0.0,0.08414424728105323,0.0,0.2478618808714098,0.0,,0.0,0.3315431496009966,0.0,,0.0,0.46823967136940636,0.0,
2,76.727024,30.707493,0.9836789252634136,1.0,98.36789252634136,1.0,98.36789252634136,1.0,98.36789252634136,,,0.0,0.711621739568297,138.38659997979667,0.47078619624693674,209.17969514745673,0.6404545301957097,153.76409778922454,0.0,,0.0,0.49489744536573904,0.0,0.22588035852160193,0.0,0.38571284702406927,0.0,,,0.0,0.3977055288865017,0.0,0.22341300480042967,0.0,0.7259139279599852,0.0,,,0.0,0.5933985699419249,0.0,0.4415556077746819,0.0,,0.0,0.3649081875860217,0.0,,0.0,0.05056396656483937,0.0,
2,76.749047,30.743196,0.7373570773877997,1.0,73.73570773877996,1.0,73.73570773877996,1.0,73.73570773877996,,,0.0,0.25478571838366065,0.0,0.33850949494176813,223.83486924886037,0.17652177238913003,429.24013006598534,,,0.0,0.11457994683597558,0.0,0.4022107054751295,0.0,0.39009580998642207,0.0,,,0.0,0.20468149394733318,0.0,0.545791818859842,0.0,0.28898854487387887,0.0,,,0.0,0.22954236866764832,0.0,0.49776252127517157,0.0,,0.0,0.511703734868333,0.0,,0.0,0.5872329846436288,0.0,
2,76.720504,30.729951,0.6921613416941319,1.0,69.2161341694132,1.0,69.2161341694132,1.0,69.2161341694132,,,0.7219751702820264,0.35896330541165283,201.1278477208354,0.45622589060746377,158.24949551212845,0.295935128546264,243.96399772768405,,,0.731275414691148,0.23688337557509495,308.70693771388136,0.2416922470882915,302.5646968411068,0.06988843715392105,1046.3467842049465,,,0.752118011991202,0.15080680525928514,498.72949081977475,0.34331774971570433,219.073442201581,0.4157332599986621,180.91360118591965,,,0.0,0.25426071962123636,295.92675063188693,0.09303345398868763,808.7687315144382,0.0,0.0,0.12946790245497725,0.0,,0.0,0.24962279717265112,0.0,
2,76.735379,30.734311,0.37588828514576933,1.0,37.58882851457693,1.0,37.58882851457693,1.0,37.58882851457693,,,0.4111519696351289,0.27867404524066347,147.5386662866494,0.3417749222279542,120.29904562772518,0.21239193984586285,193.5817196893207,,,0.0,0.08132063968484736,0.0,0.22485891603745567,182.84886224686844,0.18214291297347154,225.73042394189207,,,0.0,0.0,,0.30941549813190766,0.0,0.3393362409917304,0.0,,,0.0,0.16856602416795635,0.0,0.30297487845675247,0.0,,0.0,0.2815582547796589,0.0,,0.0,0.3432912817145805,0.0,
2,76.718283,30.735031,0.4497846488213225,1.0,44.97846488213225,1.0,44.97846488213225,1.0,44.97846488213225,,,0.0,0.338024717291601,144.8796945552873,0.4691874102860344,104.37815832161556,0.27864720092427264,175.75241248037426,,0.0,0.0,0.21317788747680566,0.0,0.2670797885376186,0.0,0.06569337954696636,0.0,,,0.0,0.1814585302664286,0.0,0.3813534992822883,0.0,0.39180758323705495,0.0,,,0.0,0.23938661905262054,0.0,0.041431222210552114,0.0,,0.0,0.07414487273745755,0.0,,0.0,0.2885201134334629,0.0,
2,76.736267,30.703417,0.019192276823056686,1.0,1.9192276823056686,1.0,1.9192276823056686,1.0,1.9192276823056686,,,0.08860216945695355,0.7602994559461196,11.653588433349157,0.3973765921044293,22.29677621113354,0.6835344492020241,12.962356112466612,,,0.13088477449171443,0.5763259615993916,22.710199299106602,0.26714765495577864,48.993420703385915,0.5383417672246009,24.312580308692294,,,0.0,0.47149827550309137,27.759332598207198,0.16232902133668878,80.62931286959747,0.7967085192863026,16.428188142002295,0.0,,0.0,0.6327772094833751,0.0,0.6537155892710039,0.0,,0.0,0.4103035295608643,0.0,,0.0,0.11791756814252219,0.0,
2,76.751162,30.728939,0.9966968538529768,1.0,99.66968538529768,1.0,99.66968538529768,1.0,99.66968538529768,,,0.9969404390041605,0.4640336838487234,214.8422568671042,0.2041653687930312,488.30046197246605,0.3729498071986337,267.3122280160312,,,0.9969404390041605,0.29330512024575456,339.8987505464766,0.21721571196872214,458.96331806223776,0.46303476869206556,215.30574082378703,,,0.0,0.3485247204648715,286.0458327531014,0.5336892192350243,186.80168215373507,0.47014532604375897,212.04942041928751,,0.0,0.0,0.3127248901730379,0.0,0.6759003662688907,0.0,,0.0,0.5996498426440102,0.0,,0.0,0.4283520048119784,0.0,
2,76.704889,30.732946,0.9758737549100538,1.0,97.58737549100537,1.0,97.58737549100537,1.0,97.58737549100537,,,0.976078326206133,0.41983884923873754,232.48880563958838,0.5467281977011776,178.53081847803705,0.3677931673550042,265.3878355668296,,,0.9774463403985385,0.29409707093456394,332.35500690043204,0.3413376863267322,286.3575806460808,0.1407092842721521,694.6566073835014,,,0.0,0.2662976441059692,367.49354036539694,0.4578129890213743,213.76122209345635,0.46696900333224917,209.56993574547315,,0.0,0.0,0.3333906095622664,0.0,0.08212797555123257,0.0,,0.0,0.11413720520640921,0.0,,0.0,0.2833332310543531,0.0,
2,76.714692,30.737373,0.8920846889402344,1.0,89.20846889402344,1.0,89.20846889402344,1.0,89.20846889402344,,,0.8958968125033144,0.36150526450863457,247.82400160092712,0.5011582594366064,178.7652494264918,0.3042338941155017,294.4763321351661,,,0.9002821390107831,0.25130515239722556,358.24261079524223,0.3181397610541174,282.98321971067304,0.08229382644343439,1093.9850264826396,,,0.0,0.26178689377106307,343.8988583584687,0.4032971560172084,223.23047052986627,0.41338042913005596,217.78538014133716,,0.0,0.0,0.2663659019227782,0.0,0.0,,,0.0,0.052185834791006774,0.0,,0.0,0.33191055400595676,0.0,
2,76.736815,30.711349,0.5061418628402441,1.0,50.61418628402441,1.0,50.61418628402441,1.0,50.61418628402441,,,0.5061418628402441,0.7503747348574122,67.45187961804474,0.3655715295781287,138.45221027587522,0.6639358944143294,76.23354409641033,,,0.5136113105492797,0.5128446853641292,100.14948486491699,0.19086495404195145,269.09670930808477,0.45547961348102756,112.762744006033,,,0.0,0.4036766438840443,127.2333483571108,0.1309168041480085,392.3188576835518,0.7723497525335848,66.4998349341668,0.0,,0.0,0.6175724723073297,0.0,0.5934386047607825,0.0,,0.0,0.4273580014140938,0.0,,0.0,0.0874192788121612,0.0,
2,76.745047,30.737274,0.4813441516353236,1.0,48.13441516353236,1.0,48.13441516353236,1.0,48.13441516353236,,,0.5216150525428138,0.28110763815686957,185.5570542169798,0.32152121506549214,162.23347888149888,0.26973243993877005,193.38239503606675,,,0.0,0.13232261198749734,0.0,0.3382769462038369,165.5484674866709,0.3722467162250107,150.44116600417595,,,0.0,0.17944581427536963,0.0,0.47367938623426853,0.0,0.31389497419727397,0.0,,,0.0,0.21833780947230444,0.0,0.4604067939540042,0.0,,0.0,0.48883104026691837,0.0,,0.0,0.5184560528703813,0.0,
2,76.761229,30.756097,0.8139702695060188,0.9469237435008665,85.95943180141347,0.9469237435008665,85.95943180141347,0.9469237435008665,85.95943180141347,,,0.8172092207788874,0.1810508598853486,451.3699748768878,0.43725836555125985,186.89390190365285,0.23081922410345285,354.0472956501298,,,0.0,0.27437175043327555,297.8474349084362,0.5338621517131049,153.07494980802682,0.4227602986268498,193.30320832709,,0.0,0.0,0.3617351019864018,0.0,0.6556875749900013,0.0,0.0,,,,0.0,0.28385381949073457,0.0,0.5099986668444207,0.0,,0.0,0.5287378349553392,0.0,,0.0,0.697648646847087,0.0,
2,76.750122,30.751839,0.844357082739616,0.933011161801035,90.49806875940412,0.933011161801035,90.49806875940412,0.933011161801035,90.49806875940412,,,0.844357082739616,0.07009034026362768,1204.6696870977844,0.30929368700073934,272.99525280566024,0.12393385866527219,681.2965333550252,,,0.0,0.1800313756604216,0.0,0.48649404042771877,174.2653930117003,0.3316353210595597,255.6394622928618,,,0.0,0.26653082568476477,0.0,0.6274320644823919,0.0,0.12581820148944228,0.0,,,0.0,0.1813296788502804,0.0,0.42768270912598955,0.0,,0.0,0.4463097535027138,0.0,,0.0,0.6665164000937664,0.0,
2,76.724239,30.739403,0.41412975252892703,1.0,41.4129752528927,1.0,41.4129752528927,1.0,41.4129752528927,,,0.4458978171058803,0.28857600818740736,154.51659336014683,0.5246412365393154,84.99099690431325,0.22475486691700464,198.3929528300436,,,0.4458978171058803,0.24950521871966405,178.71282187763637,0.30743413576948836,145.0384863703655,0.08824790987831767,505.27861534705477,,,0.4810601673849654,0.21541610541286957,223.3167136983368,0.33513436227772464,143.5424777439899,0.3463694718068735,138.88642231529914,,,0.5118447976144808,0.18256864855102453,280.35744454307536,0.11674580658755183,438.4267089119215,,0.0,0.18396080880748303,300.09574178677104,0.0,0.0,0.455356806911135,0.0,
2,76.730074,30.734448,0.7850165438370569,1.0,78.50165438370568,1.0,78.50165438370568,1.0,78.50165438370568,,,0.0,0.29011184484970604,0.0,0.4186429071790068,191.4647436228031,0.22336699435659696,358.8504967952807,,,0.0,0.11601640286184288,0.0,0.19002605253008636,0.0,0.11672477981283107,0.0,,,0.0,0.05198699734752186,0.0,0.30459421806990894,0.0,0.35056788218904217,0.0,,,0.0,0.17923511031003295,0.0,0.19799135780119795,0.0,,0.0,0.21682631384247272,0.0,,0.0,0.3387143745425065,0.0,
2,76.764742,30.727141,0.0,0.8670011561212692,84.61515597550022,0.8670011561212692,84.61515597550022,0.8670011561212692,84.61515597550022,0.0,,0.0,0.5488882154201884,0.0,0.0,,0.5987922461303611,0.0,,,0.0,0.4330964968403093,0.0,0.3535935167413094,0.0,0.7228002828568542,0.0,,,0.0,0.49080153999842857,0.0,0.3989628582011651,0.0,0.5890381744508424,0.0,,,0.0,0.5358565960646978,0.0,0.8329124153954944,0.0,,0.0,0.8655531984151037,0.0,,0.0,0.5742330875172575,0.0,
2,76.716595,30.726273,0.9227571905133943,1.0,92.27571905133944,1.0,92.27571905133944,1.0,92.27571905133944,,,0.9233139901766457,0.3799262056192842,243.0245601699501,0.4678190458415287,197.36562638568023,0.3202877119434913,288.2764326405213,,,0.0,0.255968874276772,0.0,0.2606205045008829,356.5870002157412,0.11738187874176274,791.7225801022933,,,0.0,0.1728425193459004,0.0,0.37075215712173204,0.0,0.453569839059337,0.0,,,0.0,0.274044190487129,0.0,0.1601366775300418,0.0,,0.0,0.09456879100684824,0.0,,0.0,0.19254016338133317,0.0,
2,76.732014,30.741725,0.4260833838903715,1.0,42.60833838903715,1.0,42.60833838903715,1.0,42.60833838903715,,,0.4551151104692571,0.23572798031248213,193.0679208577422,0.35378154867509876,128.64297535404248,0.17505580037772564,259.9828794517149,,,0.0,0.09209923882561667,0.0,0.25797659245693355,180.3136239300039,0.1332341326618211,349.13496523517347,,,0.0,0.09594088021518915,0.0,0.3679391060493333,0.0,0.2906698906884908,0.0,,,0.0,0.081318319693241,0.0,0.21131173811022722,0.0,,0.0,0.22421736393292507,0.0,,0.0,0.39860069822011107,0.0,
2,76.751598,30.701793,0.9595766443210334,0.905459890802184,105.97671460310684,0.905459890802184,105.97671460310684,0.905459890802184,105.97671460310684,,,0.9620583698870353,0.9577698446031079,100.44776156903379,0.5368227635447291,179.21340807800425,0.8687316253674926,110.74287407000561,,,0.0,0.6206530869382613,155.56154664555953,0.2620432591348173,368.4496767947137,0.7003254934901302,137.86411466087452,0.0,,0.0,0.49906551868962623,0.0,0.15716085678286434,0.0,1.0,0.0,,,0.0,0.8098698026039479,0.0,0.7104262914741706,0.0,,0.0,0.8338618227635447,0.0,,0.0,0.3256719865602688,0.0,
2,76.744077,30.754541,0.0,0.9364091589985021,0.0,0.9364091589985021,103.14104169871378,0.9364091589985021,103.14104169871378,,,0.0,0.0,,0.4185833511662744,0.0,0.08172052214851273,0.0,,,0.0,0.21612668521292533,0.0,0.5140166916327841,0.0,0.3329167558313717,0.0,,,0.0,0.3051829659747486,0.0,0.6453498823025894,0.0,0.18599614808474213,0.0,,,0.0,0.10759683286967686,0.0,0.4581810400171196,0.0,,0.0,0.4764733575861331,0.0,,0.0,0.682276909907982,0.0,
2,76.739484,30.740651,0.547959488973693,1.0,54.79594889736929,1.0,54.79594889736929,1.0,54.79594889736929,,,0.0,0.2242262776963723,0.0,0.34265796367834467,163.68615165516897,0.14890990630966652,376.6597186077466,,,0.0,0.0,,0.3253407930376093,0.0,0.24717374894542873,0.0,,,0.0,0.09239376581856934,0.0,0.4543847964122375,0.0,0.2924292882198837,0.0,,,0.0,0.09912526086763465,0.0,0.3304471382265441,0.0,,0.0,0.36011722392433726,0.0,,0.0,0.4928821988366414,0.0,
2,76.746865,30.707631,0.6408263146902062,1.0,64.08263146902063,1.0,64.08263146902063,1.0,64.08263146902063,,,0.6699829493313547,0.7926260013877501,84.52699610640217,0.3736832145335268,179.29168966492176,0.7064172922054712,94.84237669772116,,,0.0,0.5379213187829854,130.2978081458322,0.1788515317815766,391.8891165994387,0.5348409344183015,131.04825057672343,0.0,,0.0,0.4161778002060599,0.0,0.0,,0.8273197502050086,0.0,,,0.0,0.6445257469669253,0.0,0.6277991547341197,0.0,,0.0,0.6502659854075991,0.0,,0.0,0.2434029310961122,0.0,
2,76.7537,30.695318,0.9948663171697671,0.8394026248302912,118.52075365750821,0.8394026248302912,118.52075365750821,0.8394026248302912,118.52075365750821,,,0.9953258422274174,0.9587066928144014,103.81964053109049,0.5660481721727761,175.8376567857924,0.873424850404787,113.95666630805565,,,0.9953415537544735,0.7231558304419973,137.63859902036808,0.37967516468044454,262.1560866621886,0.7121234977623573,139.770918510911,,,0.0,0.6066978428118871,164.13311771049257,0.2143209131593503,464.62665253253647,1.0,99.57920844894538,0.0,,0.0,0.817046311660884,0.0,0.8091416503243325,0.0,,0.0,0.8306230200633579,0.0,,0.0,0.3837079499170312,0.0,
2,76.747066,30.750712,0.19462251182076507,0.934209477590131,20.83285563777512,0.934209477590131,20.83285563777512,0.934209477590131,20.83285563777512,,,0.0,0.07154686102427404,0.0,0.4146689219706161,53.284159123382764,0.1394982243909351,158.3911545704212,,,0.0,0.2052090436507585,0.0,0.5134122689715637,0.0,0.3435028648854489,0.0,,,0.0,0.29734588510348126,0.0,0.6340474145183717,0.0,0.16129260797562855,0.0,,,0.0,0.19586606328430112,0.0,0.45564519699961925,0.0,,0.0,0.4561411277110141,0.0,,0.0,0.687492804576732,0.0,
2,76.725031,30.72097,0.8866042152404667,1.0,88.66042152404667,1.0,88.66042152404667,1.0,88.66042152404667,,,0.8905697024574641,0.4757325515357105,187.19965652605006,0.43836436476384905,203.15741288350898,0.4106509693164899,216.86779503766357,,,0.8905697024574641,0.28635896176457043,310.99767123392655,0.2168413943422002,410.7009665562492,0.18155305530399546,490.52862314339984,,,0.0,0.19748576340388954,0.0,0.3219235905386115,277.9860952794265,0.5065925800856499,176.65138699234672,,,0.0,0.36761884295998404,0.0,0.35197777402569497,0.0,,0.0,0.21360266466100783,0.0,,0.0,0.16348677646625429,0.0,
2,76.737422,30.69957,0.7693048936413398,1.0,76.93048936413398,1.0,76.93048936413398,1.0,76.93048936413398,,,0.7781160542205712,0.895439951074077,86.89762538372604,0.5123365950615397,151.8759467351941,0.8144063909487044,95.54395236438917,,,0.7781160542205712,0.6396586652396606,121.64551134924979,0.31328835715923864,248.3705622756575,0.6611402033483679,117.69304759864472,,,0.0,0.5289924317712713,150.1112886579289,0.17956387126366485,442.22557168461645,0.9338735570675025,85.03050013840074,0.0,,0.0,0.7608267716535433,0.0,0.7213515786254874,0.0,,0.0,0.7826714318477181,0.0,,0.0,0.15576026297683665,0.0,
2,76.739675,30.751624,0.0,1.0,61.95879548978296,1.0,61.95879548978296,1.0,61.95879548978296,,0.0,0.0,0.08302894315730885,0.0,0.4639515062965282,0.0,0.0,,,,0.0,0.14582898490224727,0.0,0.44849718221665624,0.0,0.2990416057886315,0.0,,,0.0,0.2363198358032422,0.0,0.5843682599318166,0.0,0.24092047589229806,0.0,,,0.0,0.04553677033326376,0.0,0.39176755026786336,0.0,,0.0,0.4103527447297015,0.0,,0.0,0.6194514019341821,0.0,
2,76.744586,30.725718,0.5025660764634424,1.0,50.25660764634424,1.0,50.25660764634424,1.0,50.25660764634424,,,0.0,0.43274491586662533,116.13448432016621,0.24689446337015244,203.55502087949966,0.3651457279515502,137.63438484760968,0.0,,0.0,0.2275386256494959,0.0,0.11074980214032554,0.0,0.3522074257596091,0.0,,,0.0,0.19071091841299337,0.0,0.24273080761157564,0.0,0.4643422456212794,0.0,,,0.0,0.30973641650321737,0.0,0.4781063968893018,0.0,,0.0,0.49649014142665426,0.0,,0.0,0.27984240046798114,0.0,
2,76.736806,30.748459,0.549529535895017,1.0,54.952953589501696,1.0,54.952953589501696,1.0,54.952953589501696,,,0.5894828830373705,0.08430357334477949,699.2383117931909,0.3201792037772293,184.1102970096441,0.03511642880137354,1678.6527080291078,,,0.6073001209281352,0.07486050005365383,811.242404863543,0.30826134778409703,197.0081962249389,0.1663670994741925,365.0361897559811,,,0.0,0.14463730013949994,0.0,0.41116267839896986,147.70312405126526,0.22847810923918874,265.8023225727792,,,0.0,0.0,,0.2645133598025539,0.0,,0.0,0.2788456379439854,0.0,,0.0,0.44009550380942164,0.0,
2,76.724986,30.715899,0.8015371118829896,1.0,80.15371118829896,1.0,80.15371118829896,1.0,80.15371118829896,,,0.8031679145278658,0.5534262531813213,145.1264572128494,0.42069235126574706,190.9157397588417,0.4857708172106493,165.3388565290411,,,0.0,0.36600952601303643,219.87253165200536,0.1928100142810413,417.3820607467786,0.2712201115357305,296.71634834732754,0.0,,0.0,0.2736215603832744,0.0,0.2617339896761634,0.0,0.5855147158551471,0.0,,,0.0,0.441036851469192,0.0,0.3357161662983381,0.0,,0.0,0.2623562920353276,0.0,,0.0,0.11031506051491531,0.0,
2,76.723448,30.733899,0.4395116886329101,1.0,43.95116886329101,1.0,43.95116886329101,1.0,43.95116886329101,,,0.0,0.2914796189848089,150.78642210514766,0.482601755187997,91.07129924583445,0.25769487308237093,170.55507677578913,,0.0,0.0,0.2085915777955978,0.0,0.2662834531187937,0.0,0.0,,,,0.0,0.17464195513853398,0.0,0.38126250627655833,0.0,0.3802507625549902,0.0,,,0.0,0.18590603523865912,0.0,0.09131923886894547,0.0,,0.0,0.12568854781051164,0.0,,0.0,0.30807221601852613,0.0,
2,76.733378,30.717856,0.6062529377509774,1.0,60.625293775097745,1.0,60.625293775097745,1.0,60.625293775097745,,,0.6235543801339527,0.5910907591942075,105.49215504299214,0.34441537027743924,181.0471988029038,0.5166320166320166,120.69603897160212,,,0.0,0.3730106100795756,169.91254171596708,0.08575883575883575,739.0396602849665,0.31848161158505983,199.00420790453376,0.0,,0.0,0.2692307692307692,0.0,0.22325077066456378,0.0,0.6196859989963438,0.0,,,0.0,0.4589038640762778,0.0,0.4496200444476306,0.0,,0.0,0.46877016273567995,0.0,,0.0,0.13860312567209118,0.0,
2,76.712239,30.733528,0.10104581101064669,1.0,10.10458110106467,1.0,10.10458110106467,1.0,10.10458110106467,,,0.15878793323137605,0.37058933184202814,42.84741075575886,0.5133884583632926,30.929392869017686,0.3141327794199888,50.548030525359465,,,0.21354860680273516,0.2699728369417592,79.10003436708843,0.32122313653431334,66.47983364670363,0.1116548161167479,191.2578554421205,,,0.22943615718901664,0.23982051077201672,95.66994768313546,0.4117866368405635,55.7172420526726,0.42247210460440465,54.308001567075436,,,0.0,0.2768035471758408,96.30674928917074,0.051443370349657805,518.2018526201438,0.0,0.0,0.0,,,0.0,0.26627786210753374,0.0,
2,76.730468,30.707526,0.760289823122135,1.0,76.0289823122135,1.0,76.0289823122135,1.0,76.0289823122135,,,0.7631995790988911,0.6889883910897507,110.77103605356295,0.44221909116841124,172.58404133625254,0.615687155860209,123.95898985948226,,,0.7846597257099851,0.47975139816919793,163.5554849249762,0.20267618660696532,387.1494420958377,0.3553294665779214,220.82596562194047,,,0.8031182473417674,0.3796450768020607,211.5444915305716,0.20012620259839045,401.3058944377465,0.7237546137422527,110.96554441140711,,,0.8145926504570109,0.5672201716701099,143.6113684142338,0.42481004780139514,191.75456293299465,,0.0,0.34572596748122086,235.61801168471902,0.0,0.0,0.0,,
