Ward,x,y,fill_ratio_0,distance_from_0_0_0,fill_per_m_0_0_0_0,distance_from_0_1_0,fill_per_m_0_0_1_0,distance_from_0_2_0,fill_per_m_0_0_2_0,distance_from_0_3_0,fill_per_m_0_0_3_0,distance_from_0_4_0,fill_per_m_0_0_4_0,distance_from_0_5_0,fill_per_m_0_0_5_0,distance_from_0_6_0,fill_per_m_0_0_6_0,fill_per_m_0_0_1_1,fill_per_m_0_0_2_2,fill_per_m_0_0_3_3,fill_per_m_0_0_4_4,fill_per_m_0_0_5_5,fill_per_m_0_0_6_6,fill_ratio_1,distance_from_100_0_0,fill_per_m_1_100_0_0,distance_from_36_1_0,fill_per_m_1_36_1_0,distance_from_214_2_0,fill_per_m_1_214_2_0,distance_from_53_3_0,fill_per_m_1_53_3_0,distance_from_207_4_0,fill_per_m_1_207_4_0,distance_from_101_5_0,fill_per_m_1_101_5_0,distance_from_291_6_0,fill_per_m_1_291_6_0,fill_per_m_1_36_1_1,fill_per_m_1_214_2_2,fill_per_m_1_53_3_3,fill_per_m_1_207_4_4,fill_per_m_1_101_5_5,fill_per_m_1_291_6_6,fill_ratio_2,distance_from_125_0_0,fill_per_m_2_125_0_0,distance_from_238_1_0,fill_per_m_2_238_1_0,distance_from_80_2_0,fill_per_m_2_80_2_0,distance_from_212_3_0,fill_per_m_2_212_3_0,distance_from_50_4_0,fill_per_m_2_50_4_0,distance_from_270_5_0,fill_per_m_2_270_5_0,distance_from_38_6_0,fill_per_m_2_38_6_0,fill_per_m_2_238_1_1,fill_per_m_2_80_2_2,fill_per_m_2_212_3_3,fill_per_m_2_50_4_4,fill_per_m_2_270_5_5,fill_per_m_2_38_6_6
1,76.70779,30.689305,1.0,1.0,100.0,1.0,100.0,1.0,100.0,1.0,100.0,1.0,100.0,1.0,100.0,1.0,100.0,,,,,,,1.0,0.4659001318644517,214.6382736570975,0.14269966301306783,700.7725028113235,0.296841532418422,336.880082733982,0.2827759909020505,353.6368122378485,0.22526494987057746,443.92170223309694,0.25522399514403926,391.81268964763126,0.03840116096533151,2604.0879360465115,,,,,,,0.0,0.3894466576896511,256.7745749655135,0.20515038826755227,487.447286083526,0.1895289857600346,527.6237806000369,0.3285169086507267,304.39833496155967,0.1635398279482868,611.4718430034129,0.3302611474300386,302.7906878485719,0.03604992709081903,2773.930714147474,,,,,,0.0
1,76.696593,30.678177,1.0,1.0,100.0,1.0,100.0,1.0,100.0,1.0,100.0,1.0,100.0,1.0,100.0,1.0,100.0,,,,,,,1.0,0.4571611212324608,218.74126069690698,0.13234889890369803,755.5786321483771,0.25442516060983794,393.04288836963894,0.3079681656918209,324.7088859829379,0.27684341739380575,361.2150180105292,0.35578994470546876,281.0647166624744,0.23166171253236167,431.66390728476824,,,,,,,0.0,0.4219516092945952,236.99400072718458,0.166043404608943,602.2521655437921,0.13828746763831626,723.131327139093,0.3011602262920702,332.04915944982173,0.24075174992808512,415.3656205193564,0.3923610445232844,254.86729989084216,0.10181225429091956,982.2000376718779,,0.0,,,,
1,76.69354,30.691212,1.0,1.0,100.0,1.0,100.0,1.0,100.0,1.0,100.0,1.0,100.0,1.0,100.0,1.0,100.0,,,,,,,1.0,0.4763985522194925,209.9082785497776,0.04212066087804512,2374.13178984862,0.30702823672086466,325.7029420747226,0.18307297038801268,546.2302806801885,0.18014115234826747,555.1202415241004,0.25734361032450037,388.5855175261739,0.14088979739824592,709.774602892892,,,,,,,0.0,0.4419668810832099,226.26129757712053,0.11882927317167702,841.5434794044926,0.19344998093380592,516.9294900794933,0.1967006107433315,508.38683022945406,0.14484056285905395,690.4143288735434,0.2946258337552901,339.41354946850265,0.11041514293394346,905.6728755024627,,,,,,0.0
1,76.709301,30.675397,1.0,1.0,100.0,1.0,100.0,1.0,100.0,1.0,100.0,1.0,100.0,1.0,100.0,1.0,100.0,,,,,,,1.0,0.4279744025075095,233.6588342996643,0.21804303977478848,458.62504991348334,0.1646931638442674,607.1897440415877,0.4173740803621958,239.59322033898306,0.36458287986301563,274.2860554438895,0.3914500892429585,255.46040925266905,0.12699345551637573,787.4421527738102,,,,,,,0.0,0.3484756141801982,286.96412584063796,0.3233352197698547,309.27654609101523,0.11059596883026424,904.1920881716198,0.4547763121617111,219.88832163369497,0.2998490850782871,333.5011009751494,0.47431544120848024,210.83015924005323,0.11855527984560242,843.4883720930233,,0.0,,,,
1,76.716714,30.6946,1.0,1.0,100.0,1.0,100.0,1.0,100.0,1.0,100.0,1.0,100.0,1.0,100.0,1.0,100.0,,,,,,,1.0,0.4204462440775605,237.84253375694996,0.2551466956092199,391.93139366836635,0.43205109473816034,231.45410628019323,0.2865660634648967,348.95967369928866,0.21961553714178372,455.341189887854,0.18564978119151485,538.6486283915455,0.1684790549143203,593.5455896927651,,,,,,,0.0,0.3506153771228598,285.212818732017,0.3043559934044374,328.5626114387601,0.3255689368481838,307.1546105353136,0.32258423604878494,309.99654919553114,0.1676580882608726,596.4519877168229,0.2597315856483897,385.01285760205724,0.12071688477941739,828.3845311509423,,,,,,0.0
1,76.704665,30.674897,1.0,1.0,100.0,1.0,100.0,1.0,100.0,1.0,100.0,1.0,100.0,1.0,100.0,1.0,100.0,,,,,,,1.0,0.4090646160127939,244.46015637997004,0.18538909115655516,539.4060641656266,0.18013542481880976,555.1378919531545,0.37235019905406785,268.5643790551037,0.2713668379325598,368.50486508175345,0.4031304229473613,248.05867855093013,0.12403280138827452,806.2383408317788,,,,,,,0.0,0.39011194664670457,256.3366768425643,0.2326788934635408,429.77684185896874,0.06245193779985709,1601.2313392176093,0.35596311545135934,280.9279828703615,0.29521249447072034,338.73905025357305,0.44980094593215153,222.32056402808036,0.12516928102351219,798.918066655793,,0.0,,,,
1,76.690413,30.677268,1.0,1.0,100.0,1.0,100.0,1.0,100.0,1.0,100.0,1.0,100.0,1.0,100.0,1.0,100.0,,,,,,,1.0,0.47517336003263244,210.44950835024193,0.16112903425173977,620.6206129415826,0.2791621858815095,358.21470477539907,0.3309229799384432,302.18511878081586,0.30083682525555927,332.4061138959652,0.3771646827604109,265.1361714678989,0.1908011025821683,524.1059860067376,,,,,,,1.0,0.44112557323148044,226.69281961471103,0.1937120678359971,516.2300992247073,0.16687061964623429,599.2666666666667,0.3243470414457176,308.3117378048781,0.26593614417621536,376.03011922192013,0.449518547360354,222.46023125678852,0.13160529536099677,759.8478444632291,,,,,,
1,76.704309,30.698164,1.0,1.0,100.0,1.0,100.0,1.0,100.0,1.0,100.0,1.0,100.0,1.0,100.0,1.0,100.0,,,,,,,1.0,0.5651419118097586,176.946706500265,0.1423407108865999,702.5396977233594,0.4770605976022384,209.61697633929847,0.18118009081811187,551.9370232593094,0.10133640145145588,986.8122270742358,0.2053279051243473,487.0258620689655,0.21215628340152634,471.35064018226745,,,,,,,0.0,0.4905471552962481,203.85400041634864,0.24709470545385226,404.7031271525004,0.37286485529692887,268.19368620935205,0.2020941267777271,494.81893212059964,0.06483214988392437,1542.4446077916625,0.2037961153812114,490.6864873893436,0.1350698155725149,740.357862903226,,,,0.0,,
1,76.688734,30.687228,1.0,1.0,100.0,1.0,100.0,1.0,100.0,1.0,100.0,1.0,100.0,1.0,100.0,1.0,100.0,,,,,,,1.0,0.5003102181071922,199.87598969760566,0.0827268171622202,1208.7978654359272,0.28179735598720945,354.86493352527737,0.24662339521786855,405.4765360425738,0.1491671836968453,670.3887378019517,0.2912590082565742,343.3370201958134,0.16489285543836205,606.4544138929089,,,,,,,0.0,0.46745096167613226,213.92618306192253,0.06152460268219347,1625.3660428585283,0.1667601298143464,599.6637212463778,0.22332720851429388,447.7734740216375,0.18389371450388964,543.7923763179239,0.31160215720899154,320.92204012865676,0.15103445807282964,662.100564837856,0.0,,,,,
1,76.720277,30.692391,1.0,1.0,100.0,1.0,100.0,1.0,100.0,1.0,100.0,1.0,100.0,1.0,100.0,1.0,100.0,,,,,,,1.0,0.3506930149581446,285.149677166895,0.3391656374365308,294.84118956099536,0.39655855938276685,252.16956647121023,0.338258390131589,295.6319870176704,0.2829086806032051,353.4709496604506,0.22008752268118262,454.364694471387,0.16841254593415977,593.7799909461295,,,,,,,1.0,0.2741716603388073,364.73499805350093,0.371460591921687,269.20756111076906,0.27987435768415597,357.30318714246795,0.39574279920101246,252.68937350697388,0.18266928929753137,547.4373956594324,0.30126709665614565,331.931369571819,0.16089535397892746,621.521986353298,,,,,,
1,76.718126,30.698031,1.0,1.0,100.0,1.0,100.0,1.0,100.0,1.0,100.0,1.0,100.0,1.0,100.0,1.0,100.0,,,,,,,1.0,0.4226408938911997,236.6074874565805,0.2687086178644779,372.1503269777324,0.4363132178155423,229.19314821738095,0.3410073329329507,293.2488258827623,0.28718553284249393,348.20695530942606,0.16221426400041522,616.4685985921931,0.15542258899244463,643.4071176414465,,,,,,,1.0,0.3482290484981946,287.1673125239535,0.37330486168264493,267.87757209819654,0.3228344121419727,309.75632162789094,0.3969126053784727,251.944631248599,0.12582393546425844,794.7613435474367,0.2411637787218898,414.6559675336654,0.16503177109979167,605.9439302722616,,,,,,
1,76.679274,30.692858,1.0,1.0,100.0,1.0,100.0,1.0,100.0,1.0,100.0,1.0,100.0,1.0,100.0,1.0,100.0,,,,,,,1.0,0.5676558316966737,176.163080543203,0.12365223198872544,808.7197326864101,0.3261018445673276,306.6526659261316,0.1837605628222616,544.1864046570363,0.10669511718860546,937.2500132618959,0.2685178372320736,372.4147379958686,0.21330533560484716,468.81152652108153,,,,,,,0.0,0.505640108444032,197.76912141665824,0.0885663993298657,1129.0963701431492,0.23807313746243233,420.03898913534454,0.17704789988736763,564.8188996515456,0.2225253422835506,449.3870180079357,0.26724435564661736,374.1893809433043,0.18846395481121345,530.6054417682743,0.0,,,,,
1,76.712171,30.668876,1.0,1.0,100.0,1.0,100.0,1.0,100.0,1.0,100.0,1.0,100.0,1.0,100.0,1.0,100.0,,,,,,,1.0,0.38456466718183946,260.03428950667353,0.252032923794602,396.7735583684951,0.14172686862385062,705.5825121304587,0.44680368372172163,223.81194167208795,0.35295952585198476,283.3186036235086,0.47854352619228235,208.9674074074074,0.199471120784386,501.32570372476545,,,,,,,1.0,0.34550842591082787,289.4285421155227,0.31265552664601254,319.8408199360558,0.14705110844859734,680.0356764053611,0.4410824300085784,226.7149929278642,0.3661106109051208,273.14149609806157,0.5388187418913458,185.5911686534565,0.18940398290004468,527.9720017966761,,,,,,
1,76.686186,30.684043,1.0,1.0,100.0,1.0,100.0,1.0,100.0,1.0,100.0,1.0,100.0,1.0,100.0,1.0,100.0,,,,,,,1.0,0.523912376231996,190.87161238527136,0.12605295167505995,793.3174009108537,0.1933679675332795,517.148736037625,0.2822081007650596,354.34843907351467,0.19306103425148063,517.9709120885592,0.32473541214319,307.9430091717427,0.2080439255629952,480.66772307524184,,,,,,,0.0,0.49260518148851273,203.0023307871599,0.10415269362374527,960.1287928399913,0.14371866722748303,695.8038362665612,0.26371821251150995,379.1926202125138,0.22244137005922673,449.55666283378054,0.34782361567405956,287.50204268392326,0.19113985926540633,523.1771143095041,0.0,,,,,
1,76.717988,30.674171,1.0,1.0,100.0,1.0,100.0,1.0,100.0,1.0,100.0,1.0,100.0,1.0,100.0,1.0,100.0,,,,,,,1.0,0.33401356369104246,299.3890394597822,0.3395679258600055,294.4918892051873,0.22479823242397276,444.84335540236157,0.445162181237917,224.6372315858408,0.383013164758953,261.08763144717074,0.43571055942553777,229.51015952389338,0.18150642894405747,550.9446722177606,,,,,,,1.0,0.29174977751864245,342.7594730337374,0.40975695829625314,244.0471064013031,0.22595666983766535,442.5627270566665,0.4965553748427287,201.38740826573965,0.3140439439040108,318.4267741541468,0.49847331758063035,200.61254328587918,0.1930447724552736,518.0145451655208,,,,,,
1,76.680322,30.696429,1.0,1.0,100.0,1.0,100.0,1.0,100.0,1.0,100.0,1.0,100.0,1.0,100.0,1.0,100.0,,,,,,,1.0,0.5721503105798798,174.779246206559,0.08816099744030649,1134.2884371029224,0.3331074231111758,300.20345708905035,0.19156813433630002,522.0074849424011,0.11598156124500802,862.2060172888396,0.27612203632860416,362.1587082640269,0.2214835020191893,451.5008977568723,,,,,,,0.0,0.5107792782448456,195.7792813044861,0.0980413023630956,1019.9782906764168,0.2471252457473801,404.6531130300764,0.18560298425536442,538.7844403536832,0.2286752885956412,437.3012957111716,0.2748617933537586,363.81920811851734,0.19417823756420238,514.9907695857852,0.0,,,,,
1,76.702839,30.705454,1.0,1.0,100.0,1.0,100.0,1.0,100.0,1.0,100.0,1.0,100.0,1.0,100.0,1.0,100.0,,,,,,,1.0,0.46893565219596633,213.24887440678194,0.1446478274928513,691.3342684316648,0.44898903760437736,222.72258702252347,0.13234762650503104,755.5858963303631,0.059789121296466546,1672.54506892895,0.14079291914202927,710.2629919841485,0.18208735678825266,549.1869494063164,,,,,,,0.0,0.43400688557642925,230.41109098346288,0.22042086976369665,453.6775492593125,0.3338173103137819,299.5650522317189,0.18015356230305413,555.0820018300838,0.08972806411321257,1114.4785189372526,0.1415537563165336,706.4453999820838,0.19447632211309845,514.2014149251785,,,,0.0,,
1,76.720789,30.68214,1.0,1.0,100.0,1.0,100.0,1.0,100.0,1.0,100.0,1.0,100.0,1.0,100.0,1.0,100.0,,,,,,,1.0,0.3077653496419087,324.9228677508759,0.3506960650197152,285.14719717308,0.28132292588718116,355.46338672768877,0.38703629194495853,258.3737031415681,0.29494648748692365,339.0445529697433,0.3771223947855476,265.1659020591059,0.1696225959604088,589.5440960197352,,,,,,,1.0,0.27287358171722864,366.4700678265998,0.4744588396234007,210.76643883244856,0.2332099460851372,428.79817811669716,0.5000804699444757,199.96781720170569,0.2495051098414742,400.79339482680774,0.5021002655508168,199.1634079107635,0.19521203830369357,512.2634898388227,,,,,,
1,76.711957,30.701618,1.0,1.0,100.0,1.0,100.0,1.0,100.0,1.0,100.0,1.0,100.0,1.0,100.0,1.0,100.0,,,,,,,1.0,0.38167458157178435,262.00330026743546,0.21410059651358082,467.07016060862213,0.4707896565703365,212.40908461857825,0.24423756298140964,409.43742960460014,0.17615248740371808,567.6899683557309,0.1229368158915851,813.4259804498881,0.1890962529680894,528.8312086061025,,,,,,,0.0,0.35029246539642095,285.47573778622797,0.2794058029767765,357.902373302933,0.36000028956969937,277.77755434454747,0.29837261828922224,335.15139751552795,0.055401922742804185,1804.9915065987198,0.17844732727167428,560.3894523326572,0.20091069670469683,497.7335783518899,,,,0.0,,
1,76.719086,30.677919,1.0,1.0,100.0,1.0,100.0,1.0,100.0,1.0,100.0,1.0,100.0,1.0,100.0,1.0,100.0,,,,,,,1.0,0.3316369347797633,301.5345684171426,0.3502767875703518,285.4885152214529,0.2220228975308547,450.4039948677047,0.4431757812800752,225.64409930334773,0.3459806133212199,289.0335358390636,0.43369032128916024,230.57927532887146,0.14374475489478994,695.6775575790036,,,,,,,1.0,0.2701046326309063,370.2268969842084,0.4354072511414119,229.67003819493564,0.23626648599123826,423.25088799817513,0.4599216217672829,217.42835141288333,0.3115958208541534,320.9285661337748,0.4618464310186861,216.52218851065246,0.20322906000015398,492.0556144870435,,,,,,
1,76.700611,30.666119,1.0,1.0,100.0,1.0,100.0,1.0,100.0,1.0,100.0,1.0,100.0,1.0,100.0,1.0,100.0,,,,,,,1.0,0.4428273747116796,225.82163098003818,0.30424355210736004,328.6840404910618,0.07461600964562802,1340.1949591639589,0.48317257286642906,206.9653900401432,0.3624318515412036,275.91393961308984,0.4593795869154959,217.68490121959917,0.2634855315579786,379.52748072618755,,,,,,,0.0,0.37102248899140283,269.5254410907614,0.32517299224156004,307.5286151862003,0.0802644684420214,1245.8812964323618,0.44388236527573915,225.2849129022734,0.3767561333612917,265.4236816474189,0.5342183895994967,187.1893629026323,0.21303601383937934,469.4042016548245,,0.0,,,,
1,76.720965,30.675272,1.0,1.0,100.0,1.0,100.0,1.0,100.0,1.0,100.0,1.0,100.0,1.0,100.0,1.0,100.0,,,,,,,1.0,0.29366012254595475,340.5297223641628,0.37477387353590935,266.82756472995817,0.2752532199574841,363.3018353625295,0.4895169021716477,204.28303814713897,0.3941227960485182,253.72802842819976,0.4792463840606894,208.66093793487337,0.26556625401192113,376.55386740331494,,,,,,,1.0,0.24774290358884582,403.64425600646075,0.4187236880496853,238.8209763478538,0.25132758117627446,397.88709035425234,0.5523738068442332,181.0368246302445,0.3470468092201242,288.1455680999279,0.5447626193155767,183.5661927862029,0.21555583343753906,463.9169277178327,,,,,,
1,76.721516,30.695976,1.0,1.0,100.0,1.0,100.0,1.0,100.0,1.0,100.0,1.0,100.0,1.0,100.0,1.0,100.0,,,,,,,1.0,0.3257308317797787,307.0019483682416,0.37701796834715007,265.23934771173066,0.5369005592796795,186.25422952466792,0.41283566697076673,242.22713297463488,0.32205783189877435,310.5032391556026,0.18287255563047874,546.8289085545723,0.1589702907461029,629.0483557063726,,,,,,,1.0,0.29134108127404706,343.24029952348536,0.4214668200388719,237.2666014154495,0.3927967950497798,254.58456194207702,0.4726508270199516,211.57267539442768,0.20886914442108603,478.76865813361695,0.28934988695410735,345.6023468772276,0.2237356709372893,446.95599758890893,,,,,,
1,76.717915,30.684941,1.0,1.0,100.0,1.0,100.0,1.0,100.0,1.0,100.0,1.0,100.0,1.0,100.0,1.0,100.0,,,,,,,1.0,0.34742044633691976,287.8356787988882,0.3775538911911189,264.86285092842473,0.40466106527772494,247.12038933463614,0.41189217959928526,242.7819826472217,0.32487548948789113,307.8102326452277,0.33670683952400865,296.9942640350481,0.15328289548720678,652.3885113348877,,,,,,,1.0,0.31445842679542263,318.00706064416283,0.44131848078165986,226.59372846312888,0.2665399384100673,375.1782963427854,0.46922404288484204,213.1178091071139,0.2819374215868912,354.6886377734027,0.3960536820894955,252.4910246318659,0.23063528875033265,433.58499274693395,,,,,,
1,76.69194,30.709532,1.0,1.0,100.0,1.0,100.0,1.0,100.0,1.0,100.0,1.0,100.0,1.0,100.0,1.0,100.0,,,,,,,1.0,0.4919140762480836,203.28753501570404,0.15862249980612872,630.4275882817494,0.4611511778426004,216.84862753214497,0.032635993247314136,3064.1016267592763,0.10095026754236833,990.5867753944336,0.2183169586666428,458.04962019782505,0.2290365492104965,436.61153796067197,,,,,,,0.0,0.4590573680034837,217.83769735559744,0.22711573220709033,440.3041525490505,0.36478820308165855,274.13167189952907,0.060881547629699884,1642.5338036449148,0.1721517326127287,580.8829134758654,0.17908337658154225,558.3991206155691,0.23369542523428596,427.9073922809884,,,0.0,,,
1,76.695929,30.704942,1.0,1.0,100.0,1.0,100.0,1.0,100.0,1.0,100.0,1.0,100.0,1.0,100.0,1.0,100.0,,,,,,,1.0,0.5004473072105923,199.82123703968537,0.11598377765849585,862.1895408032087,0.4023558179757858,248.53623467678577,0.1332438718912149,750.5035584799248,0.06206238444563726,1611.281952719585,0.2268980735969464,440.72652717905584,0.23856384564919186,419.175,,,,,,,1.0,0.4675911015685573,213.86206808586624,0.19100017892288423,523.5597189695551,0.3067275004473072,326.02228314764045,0.14115822747062684,708.4248774716916,0.18074193355996898,553.275037122587,0.23123993558776165,432.4512534818942,0.24227351344903678,412.7566343360741,,,,,,
1,76.71159,30.660789,1.0,1.0,100.0,1.0,100.0,1.0,100.0,1.0,100.0,1.0,100.0,1.0,100.0,1.0,100.0,,,,,,,1.0,0.46630308010390714,214.45279747608964,0.3008601494990193,332.3803440452853,0.15527090070508404,644.0356792283726,0.5071038541059216,197.19826459672782,0.38499973493081696,259.7404385693139,0.4830421990139427,207.02125032582,0.24153103960133596,414.0254609306409,,,,,,,1.0,0.3936873774055028,254.00865188776115,0.347320150559296,287.9187972220102,0.19249986746540848,519.4808771386278,0.4673699835657107,213.96324863883845,0.39948576578486983,250.3218100988654,0.5587260775062292,178.9785800697393,0.24231299369135345,412.6893835803752,,,,,,
1,76.708249,30.663889,1.0,1.0,100.0,1.0,100.0,1.0,100.0,1.0,100.0,1.0,100.0,1.0,100.0,1.0,100.0,,,,,,,1.0,0.42855826322787893,233.34050135168346,0.3055083797411694,327.32326388140734,0.07464091525468358,1339.7477731722372,0.4863541214107982,205.6114991067078,0.3800505549192306,263.12288906209403,0.5158181602748924,193.86676875957122,0.2375357109943784,420.9893307468477,,,,,,,1.0,0.3923009070921706,254.9063695550037,0.34262148320760427,291.86727891025765,0.2080255934278605,480.7100816404025,0.4618731650802428,216.5096558113019,0.4114301512697974,243.05462225208794,0.5526218781679109,180.95555740848826,0.24735047461063497,404.284649776453,,,,,,
1,76.683038,30.698,1.0,1.0,100.0,1.0,100.0,1.0,100.0,1.0,100.0,1.0,100.0,1.0,100.0,1.0,100.0,,,,,,,1.0,0.548758478388527,182.22953072845084,0.1411708930659038,708.3613188826134,0.39271841783438116,254.63537093942057,0.1351370279982114,739.9896348269813,0.20419245874614125,489.7340509735635,0.3016609291074728,331.49801764474773,0.30888540505012957,323.7446585855062,,,,,,,0.0,0.5190794045868149,192.64875299685525,0.1658612534277202,602.913567414818,0.2948351192496457,339.17262046156384,0.12940485618390357,772.7685262281433,0.2599679989656231,384.66272925085485,0.2645903705978375,377.9427035611752,0.24760935033590312,403.86196993102845,,,0.0,,,
1,76.726352,30.694305,1.0,1.0,100.0,1.0,100.0,1.0,100.0,1.0,100.0,1.0,100.0,1.0,100.0,1.0,100.0,,,,,,,1.0,0.27093671663170815,369.08987915407863,0.4131921351955116,242.0181593066447,0.4850360669156392,206.1702352072566,0.45169761770774713,221.38704318936877,0.3541208369570778,282.38948280843687,0.20453266485905766,488.9194597298649,0.21803857369417298,458.6344439230409,,,,,,,1.0,0.23397452294469737,427.39696075215926,0.460974403574291,216.93178455164252,0.34078545727392096,293.43975180144116,0.5159871079961119,193.8032916914535,0.23246533994986443,430.17165492957747,0.2721815794410054,367.4017918676775,0.24844392148837843,402.50531951403667,,,,,,
1,76.725084,30.684377,1.0,1.0,100.0,1.0,100.0,1.0,100.0,1.0,100.0,1.0,100.0,1.0,100.0,1.0,100.0,,,,,,,1.0,0.2762090667384646,362.04459607652007,0.41152862383468514,242.9964629633416,0.3517315653081142,284.307721749115,0.449517046410662,222.460974057575,0.3532376400901962,283.0955386704142,0.3454800928886346,289.452278317625,0.16335442398949954,612.1658511460212,,,,,,,1.0,0.23972671894456968,417.1416537975573,0.4586797024871268,218.0170595249014,0.2886867701006293,346.3961994695579,0.5129572914212635,194.9480038053997,0.3057247669370309,327.0915896081022,0.4122437990105341,242.57490407380195,0.24895668562582035,401.6762986244888,,,,,,
1,76.71782,30.664171,1.0,1.0,100.0,1.0,100.0,1.0,100.0,1.0,100.0,1.0,100.0,1.0,100.0,1.0,100.0,,,,,,,1.0,0.4321393060861374,231.40686022221553,0.309860536919776,322.7258333509257,0.1732887644565388,577.0714582310974,0.48956643466429434,204.26236955679371,0.40006018106651314,249.9623924915792,0.5188523732272751,192.73304924481204,0.25843843215238893,386.93935405487497,,,,,,,1.0,0.286847820398765,348.6169072541105,0.3628722068135434,275.5791105582896,0.21298864409440577,469.50859950859956,0.48137003506201265,207.74039245529164,0.4151185305353498,240.89505200126067,0.5715500549479302,174.96280358001238,0.2520670888063216,396.71977993460325,,,,,,
1,76.726498,30.678517,1.0,1.0,100.0,1.0,100.0,1.0,100.0,1.0,100.0,1.0,100.0,1.0,100.0,1.0,100.0,,,,,,,1.0,0.35319176825271986,283.1323065503804,0.425457137239481,235.04130321760726,0.3005062917813606,332.771734685532,0.4624459300039324,216.24149659863943,0.40197765106829203,248.77004911651417,0.36584087036308827,273.3428878538158,0.1867872591427448,535.3684210526316,,,,,,,1.0,0.26342738235679647,379.6112579692116,0.49712445930003935,201.15686953082513,0.3021365840870363,330.9761388286334,0.5232173286144973,191.12516832117245,0.3224374098833399,310.13771024950455,0.5252654345261503,190.3799363653378,0.2671631275396513,374.3031492441201,,,,,,
1,76.673781,30.709807,1.0,1.0,100.0,1.0,100.0,1.0,100.0,1.0,100.0,1.0,100.0,1.0,100.0,1.0,100.0,,,,,,,1.0,0.6014412648089439,166.2672747134608,0.16874374269981646,592.614566916968,0.39767228433172036,251.46333787894682,0.1629035958618388,613.8599916776031,0.17675830135157686,565.7442916986253,0.3258489070582346,306.89070251240196,0.33107375271149675,302.04750204750206,,,,,,,0.0,0.5443016852995162,183.72164316370322,0.21288378107792424,469.7398716504189,0.3176205573168697,314.8410822169687,0.12890038378107793,775.7928802588997,0.2837268479893209,352.45166507388075,0.2882008176205573,346.98027863216936,0.271764975805106,367.9650024943397,,,0.0,,,
1,76.727591,30.703045,1.0,1.0,100.0,1.0,100.0,1.0,100.0,1.0,100.0,1.0,100.0,1.0,100.0,1.0,100.0,,,,,,,1.0,0.386808981119238,258.52553813680436,0.43630719510120775,229.19631196272974,0.582616091171968,171.639612285414,0.442855927878891,225.80707111443988,0.4115580881102229,242.979066355314,0.1329137608436809,752.3675454312772,0.2604269433577139,383.98484700042457,,,,,,,1.0,0.34994046606565743,285.7628931123317,0.5103418948800816,195.94707195947072,0.4532233373022623,220.64177143929444,0.5374298350059534,186.07080122169296,0.23015819016839598,434.4837779912793,0.3000085048477632,333.32388377037563,0.2719765266201735,367.678789205416,,,,,,
1,76.729384,30.700394,1.0,1.0,100.0,1.0,100.0,1.0,100.0,1.0,100.0,1.0,100.0,1.0,100.0,1.0,100.0,,,,,,,1.0,0.3890332507051885,257.04743699602307,0.4387725446619369,227.9085171043404,0.5445251730917172,183.646238854703,0.4773741345414138,209.4793009597479,0.40537652790836826,246.68423827095413,0.16585178220360713,602.9479977323094,0.2534832036926233,394.5034564154443,,,,,,,1.0,0.351978801606975,284.1080188450143,0.5046585178220361,198.15379403794037,0.4557825455167108,219.40287311053598,0.5318830669287974,188.01124949779026,0.25526968116933074,391.7425663005625,0.29327292931019744,340.9793063246867,0.27362167706641594,365.4681203336353,,,,,,
1,76.724219,30.700283,1.0,1.0,100.0,1.0,100.0,1.0,100.0,1.0,100.0,1.0,100.0,1.0,100.0,1.0,100.0,,,,,,,1.0,0.3906997891952218,255.95099553543088,0.3865415616087298,258.70439283117327,0.6035547472409374,165.68505252777058,0.40822551977844834,244.96263745165143,0.3145041954284297,317.9607822521291,0.17105774397553009,584.5979122366133,0.21226801140825857,471.10254313198584,,,,,,,1.0,0.354862976894143,281.79890975166563,0.43286901169759845,231.01676788510753,0.45338734344645143,220.56195755233026,0.4705575993055843,212.5138349642487,0.19813995783904437,504.69375834445924,0.2507502170049188,398.8032440986417,0.27720414996073245,360.7449600381725,,,,,,
1,76.695912,30.71134,1.0,1.0,100.0,1.0,100.0,1.0,100.0,1.0,100.0,1.0,100.0,1.0,100.0,1.0,100.0,,,,,,,1.0,0.46977562367760667,212.86757966953834,0.23773557053584607,420.6354134326814,0.5179230428578459,193.07887798969193,0.12843207203660875,778.6217135194676,0.18199207794124883,549.4744668626854,0.1983036461152389,504.27716261902543,0.27858829897160853,358.95262065615753,,,,,,,0.0,0.44311248339319986,225.67633219049733,0.31367785267923043,318.79840781191785,0.4238116911873247,235.95384950293882,0.17481424986468533,572.0357469565829,0.14286153619052305,699.9784733284539,0.15357599763814397,651.1434178381193,0.2886446390788761,346.4467599991477,,,,,0.0,
1,76.707991,30.713578,1.0,1.0,100.0,1.0,100.0,1.0,100.0,1.0,100.0,1.0,100.0,1.0,100.0,1.0,100.0,,,,,,,1.0,0.39933956566266643,250.4134541090598,0.23744780861847117,421.14517957366803,0.531610251831622,188.10773429492326,0.15268769202489432,654.9316364261758,0.17529739240040965,570.4591416373305,0.10958220634962318,912.5569134914929,0.27616134030093753,362.10716493129837,,,,,,,0.0,0.370873926630078,269.63340590869666,0.31585305007746645,316.6029265048221,0.43331976576245373,230.77645632906598,0.20218744255665558,494.59055782843035,0.12011895696016386,832.5080614308356,0.09655733830519156,1035.6540658145227,0.2890417793650377,345.9707458889797,,,,0.0,,
1,76.710479,30.655046,1.0,1.0,100.0,1.0,100.0,1.0,100.0,1.0,100.0,1.0,100.0,1.0,100.0,1.0,100.0,,,,,,,1.0,0.4605896790629757,217.11298482293424,0.3444309814521391,290.33392866807384,0.15189983533724796,658.3285609097603,0.5151396526547986,194.12211714754415,0.42333240128001987,236.22099252887904,0.5429583372168888,184.1761939094311,0.28879982601671483,346.2605964112053,,,,,,,1.0,0.4263584677043527,234.5444211262679,0.3880013670115264,257.73105071825506,0.25241867834840154,396.1671959234916,0.5005685525212041,199.77283729937068,0.44441544723024823,225.01468079751686,0.5862304657159723,170.5813768615189,0.28953925497871813,345.37631177972827,,,,,,
1,76.68913,30.720583,1.0,1.0,100.0,1.0,100.0,1.0,100.0,1.0,100.0,1.0,100.0,1.0,100.0,1.0,100.0,,,,,,,1.0,0.5845739920737306,171.06474348141595,0.26822054089234454,372.82752345256404,0.5093906535104541,196.31298554626449,0.1414060411654638,707.1833648393194,0.19200864683937102,520.8098783366625,0.2596027567611543,385.2039217441913,0.28327115512011436,353.01864730137237,,,,,,,1.0,0.520896528479946,191.9767065674539,0.31642318375695877,316.0324689634907,0.4204525644154667,237.83895845426653,0.18522134281696362,539.8945849281546,0.22822309775344887,438.16774456383354,0.2173913043478261,459.99999999999994,0.29353346582522694,340.67665749411043,,,,,,
1,76.696064,30.715001,1.0,1.0,100.0,1.0,100.0,1.0,100.0,1.0,100.0,1.0,100.0,1.0,100.0,1.0,100.0,,,,,,,1.0,0.518115676652262,193.00709186438283,0.244018408652555,409.8051477025438,0.522168509973388,191.50905902980713,0.13367635928611538,748.0754303456464,0.18880465831685345,529.6479487925516,0.20438121047877145,489.2817679558011,0.2846627114919798,351.2929370899266,,,,,,,1.0,0.45685319465807267,218.888695907761,0.3194841182646061,313.0046042450757,0.4287519226543617,233.2351057014734,0.18167557801704143,550.4317151016295,0.1494116067286799,669.2920462437191,0.1600441905319954,624.8274283970864,0.29453844087990433,339.5142572944297,,,,,,
1,76.697373,30.717857,1.0,1.0,100.0,1.0,100.0,1.0,100.0,1.0,100.0,1.0,100.0,1.0,100.0,1.0,100.0,,,,,,,1.0,0.530819194872234,188.38806314091485,0.2553546745605558,391.61217695384545,0.5206297170676811,192.07509045627555,0.14478721972819905,690.6686942930764,0.18658487357952805,535.9491264299998,0.21643771941627626,462.02667570927997,0.28263874448018983,353.80853457976286,,,,,,,1.0,0.46943156658634144,213.0235951689185,0.31753128402099057,314.9295991679026,0.4270222994214138,234.17980778871083,0.1794473462098323,557.266530334015,0.1476740345683845,677.1671153447919,0.1720101283164732,581.3611150618689,0.3059779085271128,326.8209802510594,,,,,,
1,76.681942,30.714258,1.0,1.0,100.0,1.0,100.0,1.0,100.0,1.0,100.0,1.0,100.0,1.0,100.0,1.0,100.0,,,,,,,1.0,0.5453533153357704,183.3673642167751,0.26525945279442037,376.989392636278,0.5147773752165954,194.25873166613908,0.167062287138985,598.5791390297828,0.21810547585809809,458.4937613627873,0.29780715810514996,335.78776492904825,0.3034128376579992,329.58394500340154,,,,,,,1.0,0.515429198420415,194.0130677626726,0.33440159913959333,299.04163214918054,0.4295949461974264,232.77741250252882,0.21176649520095164,472.21823218591294,0.2541784583294857,393.42437064580935,0.2569975936860059,389.1087016253461,0.3102189582778831,322.3529617761902,,,,,,
1,76.705889,30.715948,1.0,1.0,100.0,1.0,100.0,1.0,100.0,1.0,100.0,1.0,100.0,1.0,100.0,1.0,100.0,,,,,,,1.0,0.42657114729672196,234.42748210637936,0.2596849723286505,385.08196721311475,0.562699553001277,177.71473154124408,0.1414830779054917,706.7983074753174,0.19940666240953597,501.4877576889719,0.1329887718177948,751.9431801130395,0.30387265857811835,329.0852176958606,,,,,,,0.0,0.39773573861217537,251.42321972104227,0.341820987654321,292.5507900677201,0.4609275223499361,216.9538488180795,0.19163739889314602,521.8188129121833,0.16304145381013196,613.3409489616907,0.08461047254150703,1181.8867924528302,0.3147416453810132,317.7209036921191,,,,,0.0,
1,76.664354,30.708365,1.0,1.0,100.0,1.0,100.0,1.0,100.0,1.0,100.0,1.0,100.0,1.0,100.0,1.0,100.0,,,,,,,1.0,0.625025755747211,159.99340680041445,0.21793286825812658,458.8568984535038,0.4333146910782092,230.77915902452278,0.21243830885310885,470.72489203981246,0.22547316987019103,443.5117493472585,0.3657414221097146,273.41721214722605,0.3706570904345608,269.7911427588215,,,,,,,1.0,0.5712673789970467,175.04937911134775,0.2594609444755149,385.41446074723945,0.3578626163914481,279.4368436925945,0.18044721788871554,554.1786743515851,0.32611191240102433,306.6431988446611,0.33032113737379687,302.7356977365888,0.3148578773339613,317.60361483328137,,,,,,
1,76.722244,30.707777,1.0,1.0,100.0,1.0,100.0,1.0,100.0,1.0,100.0,1.0,100.0,1.0,100.0,1.0,100.0,,,,,,,1.0,0.4775232591467902,209.41388316597178,0.3408036316030026,293.4241032868118,0.602065241809914,166.09495625321668,0.3615180224496278,276.6113825319277,0.30528550070106675,327.56223197746704,0.050492296012828355,1980.500153421295,0.30859329609804087,324.05110954915153,,,,,,,1.0,0.39977070083430816,250.14339417897142,0.4165575688091162,240.06285682405667,0.48350362927902457,206.8236802050789,0.4199350835470102,238.13204449445664,0.1701306850312575,587.7834441307714,0.20751574495115774,481.8911452889353,0.32227378010519875,310.2951781164367,,,,,,
1,76.698487,30.722642,1.0,1.0,100.0,1.0,100.0,1.0,100.0,1.0,100.0,1.0,100.0,1.0,100.0,1.0,100.0,,,,,,,1.0,0.5725433758012913,174.65925592108556,0.2768826760547229,361.1638020294057,0.5381810258821371,185.8110843578871,0.17322798527573594,577.2739308883887,0.22502092817907643,444.4031086762644,0.25878123459055313,386.42678306339036,0.31506943568455215,317.3903548680619,,,,,,,1.0,0.5409561597651458,184.85786360842005,0.34778046626836234,287.53771329651306,0.4503514787335298,222.0487879405174,0.21832391087462588,458.03503427265804,0.20684494799490846,483.4539154539154,0.21716569384080825,460.47788778877884,0.32434090570278545,308.3175703148479,,,,,,
1,76.724151,30.674408,1.0,1.0,100.0,1.0,100.0,1.0,100.0,1.0,100.0,1.0,100.0,1.0,100.0,1.0,100.0,,,,,,,1.0,0.27813418530351436,359.53868774122407,0.5002854100106496,199.88590112566203,0.3117955271565495,320.7230100827937,0.5387603833865815,185.61127188196784,0.44126091586794464,226.62328886142913,0.5282641107561236,189.29925006047898,0.3098785942492013,322.70702738370176,,,,,,,1.0,0.23119914802981895,432.5275454176954,0.5480298189563365,182.47182277497086,0.2873439829605964,348.0149435170635,0.6029989350372736,165.83777215762183,0.393150159744409,254.35574047588088,0.5952119275825346,168.00738588380116,0.33566773162939295,297.91365263077745,,,,,,
1,76.732203,30.688969,1.0,1.0,100.0,1.0,100.0,1.0,100.0,1.0,100.0,1.0,100.0,1.0,100.0,1.0,100.0,,,,,,,1.0,0.23128339856665414,432.36998686345726,0.5103658427608886,195.93787754101518,0.45566815005451,219.4579541888924,0.5507122048862438,181.58304666709935,0.44845674047861595,222.98694829132214,0.29168230479152146,342.83876106736926,0.24882490661805443,401.8890285509068,,,,,,,1.0,0.19254552928350577,519.3576832041584,0.5604435865815952,178.4300907250028,0.3846889353564598,259.9502892053242,0.6180991189033652,161.78634937616565,0.32095687451968613,311.5683381128714,0.36340321341125587,275.17643298005754,0.3377030722213286,296.11812336270543,,,,,,
1,76.710537,30.716773,1.0,1.0,100.0,1.0,100.0,1.0,100.0,1.0,100.0,1.0,100.0,1.0,100.0,1.0,100.0,,,,,,,1.0,0.4364215736126648,229.13624359173528,0.28898606732431603,346.0374436936938,0.592901454286586,168.66209262435677,0.1952066171734635,512.2777160322312,0.22492287874165226,444.5968349660889,0.13718431133258754,728.9463279628349,0.3365673412658056,297.11736029974617,,,,,,,0.0,0.4070307468049764,245.6816856833514,0.3700803417064985,270.21159659247047,0.49126411064781855,203.55649401730633,0.23716736160547813,421.64317772505075,0.16781585816468353,595.8912411118295,0.04705922234652022,2124.9819910675697,0.3422692294654056,292.16766040053085,,,,,0.0,
1,76.717864,30.65906,1.0,1.0,100.0,1.0,100.0,1.0,100.0,1.0,100.0,1.0,100.0,1.0,100.0,1.0,100.0,,,,,,,1.0,0.32949346341766544,303.4961572917158,0.4145428276253136,241.22959881574758,0.2482425409944305,402.83184179235246,0.627939131718154,159.2511040463143,0.5833909443283594,171.411642522369,0.6627154586482519,150.89432228421398,0.34499794153972824,289.85680190930793,,,,,,,1.0,0.5169531680868747,193.4411203437965,0.4554867675959514,219.54534602135135,0.2995098534220931,333.87883188962087,0.619674219532846,161.37511751801944,0.5395340888788771,185.34510063635577,0.7237546315356113,138.16837315130832,0.34591453894373797,289.08874517201116,,,,,,
1,76.700787,30.725808,1.0,1.0,100.0,1.0,100.0,1.0,100.0,1.0,100.0,1.0,100.0,1.0,100.0,1.0,100.0,,,,,,,1.0,0.46212694361950796,216.39075881785192,0.317313881141386,315.14536849222446,0.5524678462945608,181.00600907492944,0.21305005702413082,469.3732608983702,0.2460337176345713,406.4483557840145,0.17191928544811935,581.6683087027914,0.339005634661638,294.980347744987,,,,,,,0.0,0.4054585078873971,246.63436098810814,0.3669135830350388,272.5437395171342,0.46605652728689356,214.5662471077083,0.23977800110660688,417.0524382490758,0.21640939938346188,462.08713801200105,0.13090707889655484,763.9006296903303,0.36184916270508927,276.3582462162584,,,,,0.0,
1,76.733171,30.68394,1.0,1.0,100.0,1.0,100.0,1.0,100.0,1.0,100.0,1.0,100.0,1.0,100.0,1.0,100.0,,,,,,,1.0,0.2032906391148292,491.90656508052376,0.5484367609278341,182.33642805201833,0.4071377560957513,245.6171123969201,0.5903209949824245,169.39936212666345,0.522013336919524,191.5659867813233,0.4358149154617375,229.4552032347308,0.27839660177516434,359.19978678748714,,,,,,,0.0,0.17670954637779282,0.0,0.6297381771640033,158.79615310976598,0.4088350135873346,244.59744561148793,0.6592686025913319,151.68324353220882,0.4318082748258688,231.5842604922892,0.5144081394162546,194.3981681811626,0.36923233878372486,270.83218206023463,,,,,,
1,76.734448,30.696438,1.0,1.0,100.0,1.0,100.0,1.0,100.0,1.0,100.0,1.0,100.0,1.0,100.0,1.0,100.0,,,,,,,1.0,0.3397358943577431,294.3462897526502,0.5559630102040816,179.86808144536855,0.5962822629051621,167.70581018591338,0.5983174519807923,167.13535543537895,0.5712128601440576,175.06608652819966,0.31855867346938777,313.9139139139139,0.3309480042016807,302.16226939099386,,,,,,,1.0,0.21329156662665066,468.8417905197432,0.6801470588235294,147.02702702702703,0.41903323829531813,238.64455336959196,0.7100183823529412,140.84142394822004,0.3492928421368548,286.2927261498805,0.41293704981992796,242.167662222626,0.3747467737094838,266.84686037490303,,,,,,
1,76.708514,30.719551,1.0,1.0,100.0,1.0,100.0,1.0,100.0,1.0,100.0,1.0,100.0,1.0,100.0,1.0,100.0,,,,,,,1.0,0.4699751057499646,212.77722750958185,0.32326094436236313,309.3476083145505,0.64709533350874,154.5367348853696,0.2011711766412327,497.08910426238305,0.2329670033124869,429.2453376578247,0.17220884184392857,580.6902765807412,0.3521085902028645,284.0032955242183,,,,,,,0.0,0.4407226753560417,226.90005663814352,0.426386555755699,234.52897060219615,0.5245468099603985,190.64075522173067,0.2520391021878605,396.7638320083514,0.20268911871656312,493.36639595260283,0.07972906420557657,1254.2477576578103,0.37628772086057194,265.7540877796902,,,,,0.0,
1,76.728938,30.692466,1.0,1.0,100.0,1.0,100.0,1.0,100.0,1.0,100.0,1.0,100.0,1.0,100.0,1.0,100.0,,,,,,,1.0,0.3493258129902177,286.2657046268732,0.5525160835463118,180.99020639933647,0.570617784436415,175.248656329153,0.5923151493786905,168.82904329712838,0.49146029787609063,203.47523580676398,0.329435092976117,303.5499317835264,0.2029435092976117,492.7479590064269,,,,,,,1.0,0.2270467965100908,440.43783720839957,0.6019035868511501,166.1395648481654,0.42384771305190794,235.93379631554876,0.6587644311271702,151.79933110367892,0.35830616021855993,279.0909314509187,0.3131312241121001,319.35492949818473,0.38223318938926587,261.62040025823114,,,,,,
1,76.728325,30.672599,1.0,1.0,100.0,1.0,100.0,1.0,100.0,1.0,100.0,1.0,100.0,1.0,100.0,1.0,100.0,,,,,,,1.0,0.21552429249141175,463.98481973434536,0.5596179362742425,178.6933432937623,0.5085155497391715,196.65082031668874,0.6006507079629932,166.48611027053198,0.6210716687569297,161.01201363789346,0.5894541687114891,169.64847363552266,0.3823636330588727,261.5311482423407,,,,,,,1.0,0.2725793845538652,366.86560197379384,0.7266299507424978,137.62163243865223,0.4269316756638857,234.22951657193948,0.7555755493756475,132.34943889149497,0.44533507824854135,224.5500183665973,0.7578475743860988,131.9526556260418,0.3840176672664813,260.40468583599574,,,,,,
1,76.69422,30.726219,1.0,1.0,100.0,1.0,100.0,1.0,100.0,1.0,100.0,1.0,100.0,1.0,100.0,1.0,100.0,,,,,,,1.0,0.5130938051902764,194.89613592765141,0.3715873426549827,269.1157327520964,0.6030912179263642,165.81239624717887,0.2491816371756077,401.3136807891114,0.2978221987243664,335.770806972484,0.22398956095256306,446.4493772599438,0.39044062229321574,256.12089083523006,,,,,,,1.0,0.45664645601088893,218.98779391296853,0.41824246037549073,239.09576256370948,0.5170084479791219,193.42043711447872,0.29159026738810084,342.9469745192215,0.2506158813008313,399.01701153552676,0.18313328908737075,546.0503685503686,0.40037346592123463,249.7668015284334,,,,,,
1,76.703089,30.729861,1.0,1.0,100.0,1.0,100.0,1.0,100.0,1.0,100.0,1.0,100.0,1.0,100.0,1.0,100.0,,,,,,,1.0,0.5037042063252176,198.52921366202528,0.3671574765749817,272.36269551922845,0.6658318580249579,150.18806744487676,0.25564266900248594,391.1710059599932,0.2846039490972347,351.36546881095836,0.23144349928753402,432.070895522388,0.41027554853713155,243.7386297003503,,,,,,,1.0,0.7203123747015971,138.82865755489328,0.4407604572119448,226.8806068324633,0.5537803877542209,180.57699805068225,0.30215343618340296,330.9576791948227,0.2593129483755159,385.6344259955278,0.18290945204887948,546.7186024551464,0.41821445534904667,239.11177320864923,,,,,,
1,76.738465,30.69128,1.0,0.9853677212116684,101.48495617152335,0.9853677212116684,101.48495617152335,0.9853677212116684,101.48495617152335,0.9853677212116684,101.48495617152335,0.9853677212116684,101.48495617152335,0.9853677212116684,101.48495617152335,0.9853677212116684,101.48495617152335,,,,,,,1.0,0.27420348858925037,364.6926613315171,0.6355283307810107,157.34939759036146,0.5431591528778994,184.10810067391006,0.6776883427333508,147.5604547020324,0.5957120980091883,167.866323907455,0.4070051917977066,245.6971115240783,0.3564972173458335,280.5070983288805,,,,,,,1.0,0.18503716430732453,540.4319741622932,0.7041702461435028,142.01111243717762,0.5042019945467449,198.33320986739758,0.7339110297687969,136.25629803043412,0.4375957120980092,228.5214348206474,0.5218223583460949,191.63609684519443,0.45510402270944605,219.7299848167754,,,,,,
1,76.733428,30.670581,1.0,0.960961072479645,104.06248792363876,0.960961072479645,104.06248792363876,0.960961072479645,104.06248792363876,0.960961072479645,104.06248792363876,0.960961072479645,104.06248792363876,0.960961072479645,104.06248792363876,0.960961072479645,104.06248792363876,,,,,,,1.0,0.15959076434599354,626.6026759744036,0.6376296268788355,156.8308556951704,0.5209491890486757,191.95730044731164,0.6795465728370764,147.15694846712933,0.5733105567573088,174.42553398215472,0.592602564221589,168.7471604706177,0.39113198963913365,255.66816995015427,,,,,,,1.0,0.25575371589316054,391.0011616088282,0.689656773091456,144.99966345830248,0.5020842423848562,199.1697638727094,0.7495474083908165,133.41384264764167,0.5208842015355621,191.9812497772074,0.6662705523010223,150.08917871972798,0.458245522824543,218.2236268968172,,,,,,
1,76.736689,30.682809,1.0,0.936280631643216,106.80558437324007,0.936280631643216,106.80558437324007,0.936280631643216,106.80558437324007,0.936280631643216,106.80558437324007,0.936280631643216,106.80558437324007,0.936280631643216,106.80558437324007,0.936280631643216,106.80558437324007,,,,,,,1.0,0.20812403444990243,480.4827095741843,0.638923579311557,156.51324076621253,0.5406618007567138,184.95850799897337,0.6807000989833394,146.90757376024354,0.5748341797796465,173.9632115096799,0.4125385063691616,242.40161453077698,0.4321779109890009,231.38618947728924,,,,,,,0.0,0.1185117346136412,0.0,0.6907649469467804,144.76704476972316,0.5088206181370781,196.5329163863789,0.7504509754946854,133.25320809141675,0.44284405961202233,225.81312276743748,0.48593418995550375,205.78918311789678,0.46018002016669907,217.30626193587295,,,,,,
1,76.726063,30.663494,1.0,1.0,100.0,1.0,100.0,1.0,100.0,1.0,100.0,1.0,100.0,1.0,100.0,1.0,100.0,,,,,,,1.0,0.2716495236809464,368.1213890787103,0.6398707314809347,156.2815660728179,0.5064929585783838,197.43611101855862,0.6779678178765199,147.49962662418477,0.61099626201345,163.6671223985306,0.6675807717296837,149.7946079856415,0.38936656738079367,256.82739191678405,,,,,,,1.0,0.37336832246251467,267.83204140206556,0.7090023879236877,141.04324851831575,0.5166774952958748,193.54433067136998,0.7358770767763875,135.8922612973134,0.5337642283968848,187.34863574567643,0.7379865499987344,135.5038245618047,0.4768337650721862,209.71669232538795,,,,,,
1,76.724498,30.659777,1.0,1.0,100.0,1.0,100.0,1.0,100.0,1.0,100.0,1.0,100.0,1.0,100.0,1.0,100.0,,,,,,,1.0,0.28038715486194477,356.64971902595664,0.6468920901694011,154.58528790143822,0.35647592370281445,280.5238540692236,0.6845404828598106,146.08339828526888,0.5891356542617047,169.74019358125318,0.6742697078831532,148.3086053412463,0.3969171001734027,251.94177816050913,,,,,,,1.0,0.36674669867947174,272.6677577741408,0.693610777644391,144.17307692307693,0.5251767373616113,190.41208965648613,0.7473989595838335,133.79734975237585,0.5420584900626917,184.48193660509682,0.7413548752834467,134.888166698528,0.48581099106309183,205.84137007928067,,,,,,
1,76.737485,30.676334,1.0,0.9127826143754258,109.55511030238596,0.9127826143754258,109.55511030238596,0.9127826143754258,109.55511030238596,0.9127826143754258,109.55511030238596,0.9127826143754258,109.55511030238596,0.9127826143754258,109.55511030238596,0.9127826143754258,109.55511030238596,,,,,,,1.0,0.1753585458481464,570.2602032671739,0.6748406722093143,148.18312546666297,0.49036568410641135,203.9294413152687,0.7169797236141049,139.4739581977667,0.6059401506032528,165.0328005174166,0.42099860967257324,237.53047564165078,0.3608412880590469,277.1301492074164,,,,,,,0.0,0.08664819117468671,0.0,0.7143203724957777,139.99320732041852,0.49727066595750635,201.09772573744652,0.7440304565685972,134.4031001918808,0.47852457333743903,208.9756839498469,0.5228377609196689,191.26392061679041,0.49454599744329053,202.20566037735847,,,,,,
1,76.739442,30.680772,1.0,0.8345760536382291,119.8213147430514,0.8345760536382291,119.8213147430514,0.8345760536382291,119.8213147430514,0.8345760536382291,119.8213147430514,0.8345760536382291,119.8213147430514,0.8345760536382291,119.8213147430514,0.8345760536382291,119.8213147430514,,,,,,,1.0,0.1533908109066651,651.9295348197082,0.6704018645026727,149.16426295171996,0.49341766379841756,202.66805859802847,0.7085279042077975,141.1377017138226,0.5980088327436394,167.22161032505858,0.39457706695489897,253.43591499561282,0.37620225800731283,265.8144598325514,,,,,,,0.0,0.04869831029445294,0.0,0.6960894420847301,143.6596993922337,0.5471150029977285,182.7769288944452,0.7229845553650895,138.3155411245299,0.4885621880884626,204.68223378329327,0.486738218082636,205.4492461962839,0.5072409920370199,197.14494997419632,,,,,,
1,76.738767,30.665791,1.0,0.8461958485566307,118.1759520217117,0.8461958485566307,118.1759520217117,0.8461958485566307,118.1759520217117,0.8461958485566307,118.1759520217117,0.8461958485566307,118.1759520217117,0.8461958485566307,118.1759520217117,0.8461958485566307,118.1759520217117,,,,,,,1.0,0.15306540330027704,653.315496799916,0.6865780704219697,145.64986023882204,0.5856586501786646,170.74792623568933,0.7228409684024572,138.34301647429987,0.6309471232986711,158.49188673242125,0.5275946521058337,189.53944965298916,0.44927931906692903,222.5786849207342,,,,,,,1.0,0.19822539848235435,504.4762213400308,0.7315774681816357,136.69092385875948,0.5693419520616694,175.64136919453338,0.7833861966515437,127.65095993193862,0.5539005098968162,180.5378370542186,0.5926526679246799,168.73289434463322,0.5314249006303449,188.17334280231486,,,,,,
1,76.746763,30.674927,0.0,0.704310696681423,0.0,0.704310696681423,141.98279320643692,0.704310696681423,141.98279320643692,0.704310696681423,141.98279320643692,0.704310696681423,141.98279320643692,0.704310696681423,141.98279320643692,0.704310696681423,141.98279320643692,,,,,,,0.0,0.0,,0.6936359925904996,0.0,0.5138064738940693,0.0,0.72907444036294,0.0,0.6110247715927286,0.0,0.41271859596245014,0.0,0.4048538507425199,0.0,,,,,,,0.0,0.10837964271137483,0.0,0.7021914539574896,0.0,0.579039904555587,0.0,0.7271906690527771,0.0,0.5173856393833789,0.0,0.4983830962921102,0.0,0.541976704028131,0.0,,,,,,
1,76.737219,30.685932,1.0,1.0,100.0,1.0,100.0,1.0,100.0,1.0,100.0,1.0,100.0,1.0,100.0,1.0,100.0,,,,,,,0.0,0.19205962313677696,0.0,0.6286303553013969,159.07599618229537,0.5002437423830506,199.9025505519012,0.6709665322958658,149.03873022969876,0.5974125808568482,167.3885070457898,0.39921252460860596,250.49314296449373,0.3542514296428237,282.28538160262514,,,,,,,0.0,0.12188994093934565,0.0,0.7062904284241117,0.0,0.4967844754851411,0.0,0.7361488703478016,0.0,0.42992406487297274,0.0,0.4744539233148964,0.0,0.4474922658666916,0.0,,,,,,
1,76.681708,30.687691,1.0,1.0,100.0,1.0,100.0,1.0,100.0,1.0,100.0,1.0,100.0,1.0,100.0,1.0,100.0,,,,,,,0.0,0.5204973637659506,192.12393176493876,0.11978406352150493,834.8355954884343,0.22218214917478146,450.081162557007,0.223447312529697,447.532793605247,0.14426869550781138,693.1510654339114,0.30695954339624804,325.7758299142111,0.211763156840183,472.22567651590924,,,,0.0,,,0.0,0.48896560015113266,0.0,0.02727829586503398,0.0,0.19130872848220473,0.0,0.2154327030415443,0.0,0.21686388330728587,0.0,0.3066561331799108,0.0,0.18533211969246802,0.0,,,,,,
1,76.714549,30.716228,1.0,1.0,100.0,1.0,100.0,1.0,100.0,1.0,100.0,1.0,100.0,1.0,100.0,1.0,100.0,,,,,,,0.0,0.46443873762797766,215.31365043047182,0.3163082498314067,316.1473026811672,0.6216562331832456,160.86060858417068,0.22869423649380466,437.2650641884847,0.2519430801822851,396.91504893743576,0.16379093070305104,610.5344146392181,0.36411381238803026,274.639402839878,,,,,0.0,,0.0,0.4349093683371594,0.0,0.3977847864144466,0.0,0.5195397914211562,0.0,0.2685435583741477,0.0,0.1945668685244852,0.0,0.05287357887781585,0.0,0.3698425781489479,0.0,,,,,,
1,76.722183,30.687605,1.0,1.0,100.0,1.0,100.0,1.0,100.0,1.0,100.0,1.0,100.0,1.0,100.0,1.0,100.0,,,,,,,0.0,0.3022836098758607,330.8151574644327,0.36057297552171824,277.3363695804117,0.3640605819181022,274.679558751284,0.39727820367946537,251.71277727756407,0.3343224369344834,299.1124404240833,0.2908289772126789,343.84469167551856,0.12078174412838294,827.9396917278051,,,,,,0.0,0.0,0.28323591340330223,0.0,0.4287398278146772,0.0,0.24188054338370987,0.0,0.45463266318177015,0.0,0.25834302112887886,0.0,0.35376035510174214,0.0,0.20349248416756768,0.0,,,,,,
1,76.703663,30.693716,1.0,1.0,100.0,1.0,100.0,1.0,100.0,1.0,100.0,1.0,100.0,1.0,100.0,1.0,100.0,,,,,,,0.0,0.44149946990458283,226.50083820397808,0.11802791169077101,847.2572171063781,0.3147766597987638,317.6855617691916,0.21871936948650758,457.2068776294128,0.15603475292219265,640.8828682534935,0.22476045688223883,444.91812032751864,0.1183813086355544,844.7279486312943,0.0,,,,,,0.0,0.40477285911464067,0.0,0.18768711701439594,0.0,0.21254492475312223,0.0,0.25471251491935215,0.0,0.10475885659418695,0.0,0.25637948164002855,0.0,0.08586878971548212,0.0,,,,,,
1,76.704947,30.690631,1.0,1.0,100.0,1.0,100.0,1.0,100.0,1.0,100.0,1.0,100.0,1.0,100.0,1.0,100.0,,,,,,,0.0,0.4625440554923684,216.19562247654898,0.1315065223191092,760.4185574715713,0.37171602285971045,269.0225705921239,0.2713677913981212,368.5035703197765,0.2203968153671174,453.72706422018354,0.2505441116587332,399.1313119991033,0.0761054242666779,1313.9667896678966,,,,,,0.0,0.0,0.38561719814089335,0.0,0.20016288245784014,0.0,0.26426274625440554,0.0,0.32430459019616104,0.0,0.15734305011443897,0.0,0.32605978909530026,0.0,0.055014954294620666,0.0,,,,,,
1,76.698191,30.688447,1.0,1.0,100.0,1.0,100.0,1.0,100.0,1.0,100.0,1.0,100.0,1.0,100.0,1.0,100.0,,,,,,,0.0,0.4466027042238773,223.91266119577958,0.07507951674760141,1331.9211994421198,0.26211730520032983,381.5085765648798,0.2548789905627037,392.34304788804724,0.22301993481590074,448.3904099539279,0.3038456000732994,329.1145238761927,0.11214806476524562,891.6783380018674,0.0,,,,,,0.0,0.4105485673896256,0.0,0.17154020340580375,0.0,0.16178222228039635,0.0,0.29010196468540167,0.0,0.18606264479901571,0.0,0.36431105119176954,0.0,0.06180709171586016,0.0,,,,,,
1,76.748676,30.682277,1.0,0.7154366821183903,139.7747732250777,0.7154366821183903,139.7747732250777,0.7154366821183903,139.7747732250777,0.7154366821183903,139.7747732250777,0.7154366821183903,139.7747732250777,0.7154366821183903,139.7747732250777,0.7154366821183903,139.7747732250777,,,,,,,0.0,0.10928334085408377,0.0,0.6797637116954506,147.10994170398178,0.5766501210157116,173.41538023760404,0.7168150305615949,139.5060032734723,0.6229232473232965,160.53342113928218,0.47621118267219104,209.99086883861963,0.4390696148008369,227.75431646610357,,,,,,,0.0,0.07770439348566271,0.0,0.725741477622349,0.0,0.5599786684169504,0.0,0.7786766214054232,0.0,0.5030889773146818,0.0,0.5413053287935349,0.0,0.5212372318168766,0.0,,,,,,
1,76.699339,30.676933,1.0,1.0,100.0,1.0,100.0,1.0,100.0,1.0,100.0,1.0,100.0,1.0,100.0,1.0,100.0,,,,,,,0.0,0.48817157339580064,204.84601203708726,0.20789576426524792,481.0102810580259,0.11535941873622774,866.8559628291172,0.3896928910328946,256.6123280692817,0.3002005042383817,333.11069964290436,0.3981299505687571,251.17427075542255,0.15693592466863862,637.2027323326025,,0.0,,,,,0.0,0.4156591824985607,0.0,0.18960554265181745,0.0,0.0,,0.3824535630860448,0.0,0.3146791601320813,0.0,0.47369953480369775,0.0,0.14933264513396727,0.0,,,,,,
1,76.716966,30.691124,1.0,1.0,100.0,1.0,100.0,1.0,100.0,1.0,100.0,1.0,100.0,1.0,100.0,1.0,100.0,,,,,,,0.0,0.36406964303083356,274.67272241517503,0.30462466237196323,328.2728299847718,0.4554256170830434,219.5748246233715,0.3384136532662941,295.4963519787751,0.25278893851989853,395.586929497425,0.22933267491189874,436.04776353136924,0.11196157213081638,893.1635926222934,,,,,,0.0,0.0,0.33163490531450845,0.0,0.34655413645784233,0.0,0.24439406522861443,0.0,0.39482839891360466,0.0,0.15430255961332706,0.0,0.28869535289144277,0.0,0.16005626510441218,0.0,,,,,,
1,76.717025,30.708136,0.0,1.0,100.0,1.0,100.0,1.0,100.0,1.0,100.0,1.0,100.0,1.0,100.0,1.0,100.0,,,,,0.0,,0.0,0.38240063997672813,0.0,0.3084760554161667,0.0,0.5724664557652449,0.0,0.290374895458347,0.0,0.23258063343151159,0.0,0.0,,0.29696374677284465,0.0,,,,,,,0.0,0.38256063415875785,0.0,0.388284062397731,0.0,0.4375477255372532,0.0,0.3402130831606124,0.0,0.1427439002218101,0.0,0.14079488018617506,0.0,0.2825642703901676,0.0,,,,,,
1,76.689434,30.707174,0.0,1.0,100.0,1.0,100.0,1.0,100.0,1.0,100.0,1.0,100.0,1.0,100.0,1.0,100.0,,,0.0,,,,0.0,0.5454956542165845,0.0,0.1604474982381959,0.0,0.43599365750528546,0.0,0.0,,0.10367042518205309,0.0,0.23448437867042518,0.0,0.24100305379375148,0.0,,,,,,,0.0,0.48114869626497536,0.0,0.22787761334272963,0.0,0.34584214235377025,0.0,0.044579516091144,0.0,0.18500117453605824,0.0,0.19182522903453136,0.0,0.245589617101245,0.0,,,,,,
1,76.705985,30.680949,1.0,1.0,100.0,1.0,100.0,1.0,100.0,1.0,100.0,1.0,100.0,1.0,100.0,1.0,100.0,,,,,,,0.0,0.40027260657080704,249.8297369303245,0.17186219949716094,581.8615163344977,0.255798186389446,390.9331860850359,0.3892835955817961,256.8821320367918,0.30846210344924996,324.1889323900451,0.38058278482443003,262.7549221547997,0.09209299697731574,1085.8588957055215,,,,,,0.0,0.0,0.3613732026328427,0.0,0.2090948896861493,0.0,0.127482414757479,0.0,0.3583717054154072,0.0,0.26858809570891834,0.0,0.4360504534026385,0.0,0.05769937003870166,0.0,,,,,,
1,76.700597,30.661634,0.0,1.0,100.0,1.0,100.0,1.0,100.0,1.0,100.0,1.0,100.0,1.0,100.0,1.0,100.0,,0.0,,,,,0.0,0.4298980107834059,0.0,0.30713661826611766,0.0,0.0,,0.4875583663337077,0.0,0.4498952525431632,0.0,0.5169533266347499,0.0,0.318077637895594,0.0,,,,,,,0.0,0.3937256601716676,0.0,0.37990819000334924,0.0,0.11448667178911283,0.0,0.4805642571467975,0.0,0.4128100557558563,0.0,0.5894162381543433,0.0,0.24911506458879235,0.0,,,,,,
1,76.744026,30.670257,1.0,0.8315880439202927,120.25184913503271,0.8315880439202927,120.25184913503271,0.8315880439202927,120.25184913503271,0.8315880439202927,120.25184913503271,0.8315880439202927,120.25184913503271,0.8315880439202927,120.25184913503271,0.8315880439202927,120.25184913503271,,,,,,,0.0,0.10027789074149382,0.0,0.6693100176223397,149.40759493670888,0.537371221363698,186.09109685149858,0.7075623559712619,141.3302999461175,0.6423003931137318,155.69039202237116,0.49544191405720484,201.84000820821504,0.41976752067236006,238.2271020869495,,,,,,,0.0,0.18803375355835705,0.0,0.740705910261624,0.0,0.545614748542768,0.0,0.7676901179341196,0.0,0.5627711129185305,0.0,0.562932086213908,0.0,0.5056086485021011,0.0,,,,,,
1,76.691224,30.694111,0.0,1.0,100.0,1.0,100.0,1.0,100.0,1.0,100.0,1.0,100.0,1.0,100.0,1.0,100.0,0.0,,,,,,0.0,0.5406933346385874,0.0,0.0,,0.2861443203093452,0.0,0.1671602158563894,0.0,0.08188837630474419,0.0,0.2595232559562413,0.0,0.16421115747482287,0.0,,,,,,,0.0,0.4736481442958358,0.0,0.11908811688550067,0.0,0.19222109372132007,0.0,0.17910329046389545,0.0,0.16764968612718884,0.0,0.2554422975734511,0.0,0.13437794446959778,0.0,,,,,,
1,76.696883,30.70069,0.0,1.0,100.0,1.0,100.0,1.0,100.0,1.0,100.0,1.0,100.0,1.0,100.0,1.0,100.0,,,,0.0,,,0.0,0.48170561918728766,0.0,0.08281819475641526,0.0,0.4239049051093084,0.0,0.10923412970972791,0.0,0.0,,0.19789365559660163,0.0,0.18312325579956312,0.0,,,,,,,0.0,0.4476167492744745,0.0,0.2184249444640393,0.0,0.2807180382037907,0.0,0.1713910907324559,0.0,0.15000587845823507,0.0,0.1755245750493481,0.0,0.21384593489143416,0.0,,,,,,
1,76.707906,30.702046,1.0,1.0,100.0,1.0,100.0,1.0,100.0,1.0,100.0,1.0,100.0,1.0,100.0,1.0,100.0,,,,,,,0.0,0.45851476746289,218.0954837143681,0.1905997412389922,524.6596839531404,0.43724349967307075,228.70551551885967,0.21912605556405723,456.3583264554632,0.16862592340117694,593.02862800099,0.13653121130757778,732.4332586101489,0.1665739207857431,600.334071073621,,,,0.0,,,0.0,0.38869798695065455,0.0,0.25334928562485215,0.0,0.3307828216079353,0.0,0.2715738512263324,0.0,0.0,,0.16609396085196368,0.0,0.17792601661078727,0.0,,,,,,
1,76.702343,30.687719,1.0,1.0,100.0,1.0,100.0,1.0,100.0,1.0,100.0,1.0,100.0,1.0,100.0,1.0,100.0,,,,,,,0.0,0.4917270868191113,203.36483931947072,0.13478341699200594,741.9310344827587,0.2599527262103949,384.6853289742542,0.2859267521844209,349.739921976593,0.22871351552333144,437.22820564925837,0.2912384139378004,343.36129855918296,0.08735691711151834,1144.729041574827,,,,,,0.0,0.0,0.41897723952938676,0.0,0.19096087961118635,0.0,0.15802193716304144,0.0,0.31124346001646613,0.0,0.1587987676944732,0.0,0.3376490585079542,0.0,0.03520967784771465,0.0,,,,,,
1,76.70499,30.708699,1.0,1.0,100.0,1.0,100.0,1.0,100.0,1.0,100.0,1.0,100.0,1.0,100.0,1.0,100.0,,,,,,,0.0,0.4257489617354139,234.88019698835117,0.1876134026853756,533.0109606705352,0.4886630915420077,204.63996919522526,0.13278362431622381,753.1049142163065,0.12392645457844441,806.9302098584676,0.12914129806593821,774.345631472134,0.22716825934438128,440.20234291799784,,,,0.0,,,0.0,0.39661035173312903,0.0,0.26780506162385925,0.0,0.3881160705885515,0.0,0.18346034434095398,0.0,0.07501713640579008,0.0,0.1299477171619424,0.0,0.24042713331451687,0.0,,,,,,
1,76.70228,30.670065,1.0,1.0,100.0,1.0,100.0,1.0,100.0,1.0,100.0,1.0,100.0,1.0,100.0,1.0,100.0,,,,,,,0.0,0.42073374170903893,237.68001015035213,0.23223365496256557,430.6008102749763,0.1117361305734609,894.9656613914602,0.4155556445262975,240.6416597083949,0.37759405319560657,264.83467934331213,0.44573674447158046,224.34766987529756,0.17419359143745577,574.0739321968972,,0.0,,,,,0.0,0.38397992820061116,0.0,0.2807249336055838,0.0,0.05959482724106178,0.0,0.40844910651132377,0.0,0.3399193925077738,0.0,0.4936207978006432,0.0,0.1731859977846285,0.0,,,,,,
1,76.704678,30.658433,1.0,1.0,100.0,1.0,100.0,1.0,100.0,1.0,100.0,1.0,100.0,1.0,100.0,1.0,100.0,,,,,,,0.0,0.5352994293366422,186.81133309617528,0.35191316579951226,284.1610082214736,0.10779333263715271,927.7011625256439,0.573120465867697,174.48338692390138,0.45993378093652676,217.4226033068889,0.5508160670299092,181.54880728010795,0.3269428046660483,305.8638959867729,,0.0,,,,,0.0,0.4679869527559539,0.0,0.4250059892010099,0.0,0.2814924474639573,0.0,0.5362884153495543,0.0,0.4733557339689053,0.0,0.6209726462440032,0.0,0.2976479332649438,0.0,,,,,,
1,76.698059,30.669402,1.0,1.0,100.0,1.0,100.0,1.0,100.0,1.0,100.0,1.0,100.0,1.0,100.0,1.0,100.0,,,,,,,0.0,0.45518294443339513,219.69188701584258,0.23201832331410754,431.00044242893483,0.10766230183425612,928.8302246588404,0.4082775699795338,244.93140782877887,0.37177850346770003,268.9773590115276,0.4372958997093676,228.6781103286385,0.18261081563127537,547.612690159154,,0.0,,,,,0.0,0.4198451243688529,0.0,0.2216697569081332,0.0,0.04849647455843764,0.0,0.40144482154657496,0.0,0.3355553131836758,0.0,0.4877170921362443,0.0,0.17523914619515354,0.0,,,,,,
1,76.699239,30.704057,1.0,1.0,100.0,1.0,100.0,1.0,100.0,1.0,100.0,1.0,100.0,1.0,100.0,1.0,100.0,,,,,,,0.0,0.45926700624277755,217.73826258082653,0.12637266864214747,791.3103448275862,0.5044900225308104,198.2199756862243,0.12023964002349918,831.6724832214765,0.1518925235153229,658.3602516150969,0.16316438453443857,612.8788478278072,0.25328117031097686,394.81813779216475,,,0.0,,,,0.0,0.42370189607421616,0.0,0.28492114216360337,0.0,0.32168057895790164,0.0,0.13884531210659848,0.0,0.11320279666105011,0.0,0.19922659281209046,0.0,0.17980748745957043,0.0,,,,,,
1,76.67732,30.699459,1.0,1.0,100.0,1.0,100.0,1.0,100.0,1.0,100.0,1.0,100.0,1.0,100.0,1.0,100.0,,,,,,,0.0,0.5496314139616413,181.94011015349096,0.16747409681634146,597.1072655472437,0.3598001946435389,277.9320341921214,0.12426000505427975,804.7641713543919,0.13854641065485185,721.7797958629254,0.30302020098827304,330.0110014905245,0.25264946419257883,395.80531199455174,,,0.0,,,,0.0,0.5200154854528151,0.0,0.13414273501056562,0.0,0.2761733725488088,0.0,0.11853361364870606,0.0,0.2614084234411042,0.0,0.2534613750867024,0.0,0.2290449024362704,0.0,,,,,,
1,76.707739,30.67142,1.0,1.0,100.0,1.0,100.0,1.0,100.0,1.0,100.0,1.0,100.0,1.0,100.0,1.0,100.0,,,,,,,0.0,0.373253723584749,267.9142730033463,0.22518392306637114,444.081436357807,0.10940805290630935,914.0095024415995,0.4235320448490712,236.10964321633736,0.32550231392905876,307.217478096928,0.4689586958248201,213.23839581248555,0.1691947815665408,591.0347770428846,,0.0,,,,,0.0,0.3334801348648824,0.0,0.284458049657423,0.0,0.11826668303142755,0.0,0.41525099452021175,0.0,0.35446072096398074,0.0,0.5252582864651395,0.0,0.161397454317048,0.0,,,,,,
1,76.68866,30.70407,1.0,1.0,100.0,1.0,100.0,1.0,100.0,1.0,100.0,1.0,100.0,1.0,100.0,1.0,100.0,,,,,,,0.0,0.5037406047893725,198.51486866303478,0.13682922565984967,730.8380173735309,0.3926294936782614,254.69304168459792,0.05818330128765367,1718.7061886641297,0.07086756394569714,1411.0827920743238,0.23650294237604147,422.8277204306374,0.24697313989395794,404.9023308483533,,,0.0,,,,0.0,0.47164248674474163,0.0,0.18615626638699528,0.0,0.30302394686243667,0.0,0.054314513779642255,0.0,0.1914117578511915,0.0,0.19818796247742237,0.0,0.25152362640564,0.0,,,,,,
1,76.708931,30.698582,1.0,1.0,100.0,1.0,100.0,1.0,100.0,1.0,100.0,1.0,100.0,1.0,100.0,1.0,100.0,,,,,,,0.0,0.46218523352089175,216.3634680368467,0.1664776819779922,600.6811172035641,0.43974954180127374,227.40216985874832,0.19616610684409833,509.7720580215945,0.11456037882515709,872.9021414342628,0.16512982891537054,605.584107104297,0.14184548897113883,704.9924585218703,,,,0.0,,,0.0,0.42290494426734565,0.0,0.23081092260185562,0.0,0.3102058863381899,0.0,0.24993759939524898,0.0,0.03678426506350599,0.0,0.2198141531703073,0.0,0.15348409319441175,0.0,,,,,,
1,76.6847,30.693087,1.0,1.0,100.0,1.0,100.0,1.0,100.0,1.0,100.0,1.0,100.0,1.0,100.0,1.0,100.0,,,,,,,0.0,0.582019083547281,171.8156720747394,0.10487218447817154,953.5416897968245,0.33356037980800024,299.79579726333424,0.18715033387475186,534.3297974927676,0.10788200569362698,926.9386433543791,0.27433035844234477,364.5240015279487,0.21753963125323833,459.68635426981024,0.0,,,,,,0.0,0.5182306675748527,0.0,0.04915265091313435,0.0,0.2441913943564397,0.0,0.18024579236308808,0.0,0.2035966490269021,0.0,0.27302047493465137,0.0,0.1715307007585681,0.0,,,,,,
1,76.714146,30.697422,1.0,1.0,100.0,1.0,100.0,1.0,100.0,1.0,100.0,1.0,100.0,1.0,100.0,1.0,100.0,,,,,,,0.0,0.4199733331346975,238.11035632571256,0.22595326594611506,442.56939407925097,0.4337015545739633,230.5733031052487,0.26214720407600806,381.4650640752422,0.20806858896528097,480.6107471449539,0.1246117289514261,802.4926773865741,0.15151695729577128,659.9921341133671,,,,,0.0,,0.0,0.3452092753018644,0.0,0.29879552175435203,0.0,0.31969698098309857,0.0,0.31831149580257584,0.0,0.08805279741376099,0.0,0.2039270311138258,0.0,0.16466416882062437,0.0,,,,,,
1,76.680626,30.706793,1.0,1.0,100.0,1.0,100.0,1.0,100.0,1.0,100.0,1.0,100.0,1.0,100.0,1.0,100.0,,,,,,,0.0,0.5375365095490761,186.03387532483538,0.11981757648370941,834.6020920694899,0.3776177829800626,264.81803693360433,0.11363924976672536,879.9776503741134,0.18440566042944614,542.2827030749424,0.2842968909599872,351.7449651395389,0.2917064659860753,342.81036473416236,,,0.0,,,,0.0,0.5071197071506264,0.0,0.19140113849058896,0.0,0.27730141289884436,0.0,0.07763489898794701,0.0,0.24156760547049697,0.0,0.24629935345660536,0.0,0.22890728092890228,0.0,,,,,,
1,76.743765,30.680904,1.0,0.7941458568834994,125.92145275734899,0.7941458568834994,125.92145275734899,0.7941458568834994,125.92145275734899,0.7941458568834994,125.92145275734899,0.7941458568834994,125.92145275734899,0.7941458568834994,125.92145275734899,0.7941458568834994,125.92145275734899,,,,,,,0.0,0.11824752509163154,0.0,0.6629500222656115,150.8409331645439,0.5134193128489706,194.77257184794757,0.701623676908848,142.5265470523618,0.6194806974274655,161.42553015012857,0.4504847052375569,221.98311915443693,0.39454663789264544,253.4554610175378,,,,,,,0.0,0.0,,0.7189480354879594,0.0,0.5379200493268934,0.0,0.7462234097215085,0.0,0.4785393758777789,0.0,0.506636865001884,0.0,0.49748227314767235,0.0,,,,,,
1,76.711345,30.704868,1.0,1.0,100.0,1.0,100.0,1.0,100.0,1.0,100.0,1.0,100.0,1.0,100.0,1.0,100.0,,,,,,,0.0,0.3940019581967562,253.80584517314028,0.2231421963021299,448.1447330768497,0.5077973124459012,196.92896663499695,0.20937805968243156,477.6049608620515,0.12818384345777817,780.1295179055736,0.14042966809983964,712.1002374576872,0.2151391312985115,464.8154865943343,,,,0.0,,,0.0,0.36324549827593544,0.0,0.30523037191548535,0.0,0.3789181672413548,0.0,0.2628737246888879,0.0,0.03498502972769713,0.0,0.15298057412058516,0.0,0.2230002979864629,0.0,,,,,,
1,76.736482,30.670963,1.0,0.9370045313177736,106.72306980134147,0.9370045313177736,106.72306980134147,0.9370045313177736,106.72306980134147,0.9370045313177736,106.72306980134147,0.9370045313177736,106.72306980134147,0.9370045313177736,106.72306980134147,0.9370045313177736,106.72306980134147,,,,,,,0.0,0.17998837177109,0.0,0.6397833088771375,156.30292102416158,0.6156408907592494,162.43235545428655,0.6814511291379421,146.74566630552548,0.7299482266950912,136.99601744737342,0.5130171562520187,194.92525499649213,0.4875365689341713,205.11281895964262,,,,,,,0.0,0.1611340291813173,0.0,0.837130965235287,0.0,0.5050435135708814,0.0,0.8665245438688778,0.0,0.523731738604797,0.0,0.6137397676199968,0.0,0.46146534141772105,0.0,,,,,,
1,76.716695,30.700924,1.0,1.0,100.0,1.0,100.0,1.0,100.0,1.0,100.0,1.0,100.0,1.0,100.0,1.0,100.0,,,,,,,0.0,0.35337974057590626,282.9817007534984,0.270310776370345,369.9445554586136,0.47768268096922667,209.3439933746357,0.28392863935486323,352.20117360199356,0.22383506409524895,446.75752838012374,0.13920651222944957,718.3571975079244,0.18947088135722165,527.7855852238506,,,,,0.0,,0.0,0.3321693483966678,0.0,0.3389402411655065,0.0,0.3614591654304081,0.0,0.33642207767507326,0.0,0.09693788276465443,0.0,0.19753509072235537,0.0,0.19933051846780023,0.0,,,,,,
1,76.711141,30.68668,0.0,1.0,100.0,1.0,100.0,1.0,100.0,1.0,100.0,1.0,100.0,1.0,100.0,1.0,100.0,,,,,,0.0,0.0,0.3778782262141115,0.0,0.196624151092682,0.0,0.3548304383182294,0.0,0.30064689118601606,0.0,0.21680744913882155,0.0,0.29915237474267214,0.0,0.0,,,,,,,,0.0,0.33752628224382597,0.0,0.23767939691865878,0.0,0.173744862599726,0.0,0.3558853911017663,0.0,0.17543718268998307,0.0,0.35727734269115524,0.0,0.04288676107517271,0.0,,,,,,
1,76.68811,30.698177,1.0,1.0,100.0,1.0,100.0,1.0,100.0,1.0,100.0,1.0,100.0,1.0,100.0,1.0,100.0,,,,,,,0.0,0.550861152081044,181.53394847725212,0.06424999559287574,1556.4203402231572,0.3212264733016412,311.30684520542934,0.12408699075679136,805.8862527821188,0.07228271408340628,1383.456629542314,0.24029404333084575,416.156799452229,0.2461819613465821,406.20360424871706,0.0,,,,,,0.0,0.48647012851174354,0.0,0.11299278994470528,0.0,0.2310214538809136,0.0,0.11782887430293984,0.0,0.19051116765288312,0.0,0.23896602988617863,0.0,0.17547405966658633,0.0,,,,,,
1,76.685268,30.686947,1.0,1.0,100.0,1.0,100.0,1.0,100.0,1.0,100.0,1.0,100.0,1.0,100.0,1.0,100.0,,,,,,,0.0,0.5164616299409426,193.62522635308844,0.11236512893933186,889.9558158651869,0.3339606629681159,299.436463897388,0.22400863636626048,446.4113599463958,0.2037801421305731,490.7249497152893,0.3082247533497671,324.4385757899271,0.1872925338151841,533.924113059828,0.0,,,,,,0.0,0.4846583266463073,0.0,0.0,,0.16541296955911813,0.0,0.21786042108058495,0.0,0.2102631897980037,0.0,0.32926146367934606,0.0,0.178471432447567,0.0,,,,,,
1,76.683915,30.710755,1.0,1.0,100.0,1.0,100.0,1.0,100.0,1.0,100.0,1.0,100.0,1.0,100.0,1.0,100.0,,,,,,,0.0,0.5210156337869757,191.9328202748065,0.16462152738724553,607.4539678201755,0.4115172646496457,243.0031704383951,0.042689236306377235,2342.510868133316,0.15576425598920257,641.9958119719835,0.26308064334720505,380.11158376263865,0.2731863682375436,366.05047552389965,,,0.0,,,,0.0,0.49003486671915414,0.0,0.21222584636148917,0.0,0.32502530648970873,0.0,0.0,,0.21955910471263074,0.0,0.22609942638623326,0.0,0.27757845011809695,0.0,,,,,,
1,76.702706,30.711971,1.0,1.0,100.0,1.0,100.0,1.0,100.0,1.0,100.0,1.0,100.0,1.0,100.0,1.0,100.0,,,,,,,0.0,0.43089182514829805,232.0768094534712,0.21120700628834746,473.4691417550627,0.5193742203212912,192.53939854415336,0.09809949336795742,1019.373256342049,0.12602153822653325,793.5151515151516,0.14997199521372745,666.7911556253448,0.24281422643142644,411.83748361730017,,,0.0,,,,0.0,0.40329438122151784,0.0,0.31115226966063286,0.0,0.40375900608467624,0.0,0.14609587820463862,0.0,0.09871050688663154,0.0,0.12411848570482954,0.0,0.2638878281015301,0.0,,,,,,
1,76.715344,30.712724,1.0,1.0,100.0,1.0,100.0,1.0,100.0,1.0,100.0,1.0,100.0,1.0,100.0,1.0,100.0,,,,,,,0.0,0.4566677694509573,218.97757339044978,0.30026898347261977,333.0347305389222,0.6454956056443377,154.91972234292652,0.23492182218322522,425.6735243693363,0.2040102990463313,490.17133187618987,0.1392385034737705,718.1921487603306,0.3507429409818616,285.1090879265092,,,,,0.0,,0.0,0.42549013967002774,0.0,0.4101997957451705,0.0,0.514844435494311,0.0,0.2891572330662677,0.0,0.17173228233195725,0.0,0.0,,0.35679147308007647,0.0,,,,,,
1,76.706071,30.686267,1.0,1.0,100.0,1.0,100.0,1.0,100.0,1.0,100.0,1.0,100.0,1.0,100.0,1.0,100.0,,,,,,,0.0,0.4742379912363841,210.8645908761767,0.15084270820455764,662.9422210080589,0.26052526751006166,383.83992829462477,0.2872144613398167,348.1718835935819,0.23735250889410858,421.3142741398768,0.26685073007238913,374.7413393730375,0.04020549168280655,2487.2224120259652,,,,,,0.0,0.0,0.39897803601598875,0.0,0.2123253801458771,0.0,0.15499100287083967,0.0,0.33899946429307287,0.0,0.1756775319020343,0.0,0.3407164736748121,0.0,0.0,,,,,,,
